C1,2022-11-27,15:24:54,2
C1,2022-11-27,15:24:54,2
C1,2022-11-27,15:24:54,2
C1,2022-11-27,15:24:54,2
C1,2022-11-27,15:24:55,2
C1,2022-11-27,15:24:55,2
C1,2022-11-27,15:24:55,2
C1,2022-11-27,15:24:55,2
C1,2022-11-27,15:24:55,2
C1,2022-11-27,15:24:55,2
C1,2022-11-27,15:24:56,2
C1,2022-11-27,15:24:56,1
C1,2022-11-27,15:24:56,1
C1,2022-11-27,15:24:56,2
C1,2022-11-27,15:24:56,2
C1,2022-11-27,15:24:56,2
C1,2022-11-27,15:24:56,2
C1,2022-11-27,15:24:56,2
C1,2022-11-27,15:24:56,2
C1,2022-11-27,15:24:57,2
C1,2022-11-27,15:24:57,1
C1,2022-11-27,15:24:57,1
C1,2022-11-27,15:24:57,2
C1,2022-11-27,15:24:57,2
C1,2022-11-27,15:24:57,1
C1,2022-11-27,15:24:57,2
C1,2022-11-27,15:24:57,2
C1,2022-11-27,15:24:58,2
C1,2022-11-27,15:24:58,1
C1,2022-11-27,15:24:58,1
C1,2022-11-27,15:24:58,1
C1,2022-11-27,15:24:58,2
C1,2022-11-27,15:24:58,2
C1,2022-11-27,15:24:58,2
C1,2022-11-27,15:24:58,2
C1,2022-11-27,15:24:58,2
C1,2022-11-27,15:24:59,2
C1,2022-11-27,15:24:59,1
C1,2022-11-27,15:24:59,1
C1,2022-11-27,15:24:59,2
C1,2022-11-27,15:24:59,1
C1,2022-11-27,15:24:59,1
C1,2022-11-27,15:24:59,1
C1,2022-11-27,15:24:59,1
C1,2022-11-27,15:25:00,2
C1,2022-11-27,15:25:00,2
C1,2022-11-27,15:25:00,2
C1,2022-11-27,15:25:00,2
C1,2022-11-27,15:25:00,2
C1,2022-11-27,15:25:00,2
C1,2022-11-27,15:25:00,2
C1,2022-11-27,15:25:00,2
C1,2022-11-27,15:25:00,2
C1,2022-11-27,15:25:01,2
C1,2022-11-27,15:25:01,2
C1,2022-11-27,15:25:01,2
C1,2022-11-27,15:25:01,2
C1,2022-11-27,15:25:01,2
C1,2022-11-27,15:25:01,2
C1,2022-11-27,15:25:01,2
C1,2022-11-27,15:25:01,2
C1,2022-11-27,15:25:01,2
C1,2022-11-27,15:25:02,2
C1,2022-11-27,15:25:02,3
C1,2022-11-27,15:25:02,3
C1,2022-11-27,15:25:02,3
C1,2022-11-27,15:25:02,3
C1,2022-11-27,15:25:02,3
C1,2022-11-27,15:25:02,3
C1,2022-11-27,15:25:03,3
C1,2022-11-27,15:25:03,3
C1,2022-11-27,15:25:03,3
C1,2022-11-27,15:25:03,3
C1,2022-11-27,15:25:03,3
C1,2022-11-27,15:25:03,3
C1,2022-11-27,15:25:03,3
C1,2022-11-27,15:25:03,3
C1,2022-11-27,15:25:03,3
C1,2022-11-27,15:25:04,3
C1,2022-11-27,15:25:04,3
C1,2022-11-27,15:25:04,3
C1,2022-11-27,15:25:04,3
C1,2022-11-27,15:25:04,3
C1,2022-11-27,15:25:04,3
C1,2022-11-27,15:25:04,3
C1,2022-11-27,15:25:04,3
C1,2022-11-27,15:25:05,3
C1,2022-11-27,15:25:05,3
C1,2022-11-27,15:25:05,3
C1,2022-11-27,15:25:05,3
C1,2022-11-27,15:25:05,1
C1,2022-11-27,15:25:05,1
C1,2022-11-27,15:25:05,1
C1,2022-11-27,15:25:05,1
C1,2022-11-27,15:25:06,1
C1,2022-11-27,15:25:06,1
C1,2022-11-27,15:25:06,1
C1,2022-11-27,15:25:06,2
C1,2022-11-27,15:25:06,2
C1,2022-11-27,15:25:06,1
C1,2022-11-27,15:25:06,1
C1,2022-11-27,15:25:06,1
C1,2022-11-27,15:25:07,1
C1,2022-11-27,15:25:07,2
C1,2022-11-27,15:25:07,2
C1,2022-11-27,15:25:07,2
C1,2022-11-27,15:25:07,2
C1,2022-11-27,15:25:07,2
C1,2022-11-27,15:25:07,2
C1,2022-11-27,15:25:07,2
C1,2022-11-27,15:25:08,2
C1,2022-11-27,15:25:08,2
C1,2022-11-27,15:25:08,2
C1,2022-11-27,15:25:08,2
C1,2022-11-27,15:25:08,2
C1,2022-11-27,15:25:08,2
C1,2022-11-27,15:25:08,2
C1,2022-11-27,15:25:08,2
C1,2022-11-27,15:25:08,2
C1,2022-11-27,15:25:09,2
C1,2022-11-27,15:25:09,2
C1,2022-11-27,15:25:09,2
C1,2022-11-27,15:25:09,3
C1,2022-11-27,15:25:09,3
C1,2022-11-27,15:25:09,3
C1,2022-11-27,15:25:09,3
C1,2022-11-27,15:25:09,3
C1,2022-11-27,15:25:10,3
C1,2022-11-27,15:25:10,3
C1,2022-11-27,15:25:10,3
C1,2022-11-27,15:25:10,3
C1,2022-11-27,15:25:10,3
C1,2022-11-27,15:25:10,3
C1,2022-11-27,15:25:10,3
C1,2022-11-27,15:25:10,3
C1,2022-11-27,15:25:10,3
C1,2022-11-27,15:25:11,3
C1,2022-11-27,15:25:11,3
C1,2022-11-27,15:25:11,3
C1,2022-11-27,15:25:11,3
C1,2022-11-27,15:25:11,3
C1,2022-11-27,15:25:11,3
C1,2022-11-27,15:25:11,1
C1,2022-11-27,15:25:11,1
C1,2022-11-27,15:25:12,1
C1,2022-11-27,15:25:12,1
C1,2022-11-27,15:25:12,1
C1,2022-11-27,15:25:12,1
C1,2022-11-27,15:25:12,1
C1,2022-11-27,15:25:12,1
C1,2022-11-27,15:25:12,2
C1,2022-11-27,15:25:12,2
C1,2022-11-27,15:25:12,2
C1,2022-11-27,15:25:13,2
C1,2022-11-27,15:25:13,2
C1,2022-11-27,15:25:13,2
C1,2022-11-27,15:25:13,2
C1,2022-11-27,15:25:13,2
C1,2022-11-27,15:25:13,2
C1,2022-11-27,15:25:13,2
C1,2022-11-27,15:25:13,2
C1,2022-11-27,15:25:14,2
C1,2022-11-27,15:25:14,2
C1,2022-11-27,15:25:14,1
C1,2022-11-27,15:25:14,1
C1,2022-11-27,15:25:14,2
C1,2022-11-27,15:25:14,2
C1,2022-11-27,15:25:14,1
C1,2022-11-27,15:25:14,2
C1,2022-11-27,15:25:15,2
C1,2022-11-27,15:25:15,2
C1,2022-11-27,15:25:15,2
C1,2022-11-27,15:25:15,2
C1,2022-11-27,15:25:15,1
C1,2022-11-27,15:25:15,2
C1,2022-11-27,15:25:15,2
C1,2022-11-27,15:25:15,1
C1,2022-11-27,15:25:16,2
C1,2022-11-27,15:25:16,2
C1,2022-11-27,15:25:16,2
C1,2022-11-27,15:25:16,2
C1,2022-11-27,15:25:16,2
C1,2022-11-27,15:25:16,2
C1,2022-11-27,15:25:16,2
C1,2022-11-27,15:25:16,2
C1,2022-11-27,15:25:16,2
C1,2022-11-27,15:25:17,2
C1,2022-11-27,15:25:17,2
C1,2022-11-27,15:25:17,2
C1,2022-11-27,15:25:17,2
C1,2022-11-27,15:25:17,2
C1,2022-11-27,15:25:17,2
C1,2022-11-27,15:25:17,2
C1,2022-11-27,15:25:17,2
C1,2022-11-27,15:25:18,2
C1,2022-11-27,15:25:18,2
C1,2022-11-27,15:25:18,3
C1,2022-11-27,15:25:18,3
C1,2022-11-27,15:25:18,3
C1,2022-11-27,15:25:18,3
C1,2022-11-27,15:25:18,3
C1,2022-11-27,15:25:18,1
C1,2022-11-27,15:25:19,1
C1,2022-11-27,15:25:19,1
C1,2022-11-27,15:25:19,1
C1,2022-11-27,15:25:19,1
C1,2022-11-27,15:25:19,1
C1,2022-11-27,15:25:19,2
C1,2022-11-27,15:25:19,1
C1,2022-11-27,15:25:20,1
C1,2022-11-27,15:25:20,2
C1,2022-11-27,15:25:20,2
C1,2022-11-27,15:25:20,2
C1,2022-11-27,15:25:20,2
C1,2022-11-27,15:25:20,2
C1,2022-11-27,15:25:20,2
C1,2022-11-27,15:25:20,2
C1,2022-11-27,15:25:21,2
C1,2022-11-27,15:25:21,2
C1,2022-11-27,15:25:21,2
C1,2022-11-27,15:25:21,2
C1,2022-11-27,15:25:21,2
C1,2022-11-27,15:25:21,2
C1,2022-11-27,15:25:21,2
C1,2022-11-27,15:25:21,2
C1,2022-11-27,15:25:22,1
C1,2022-11-27,15:25:22,1
C1,2022-11-27,15:25:22,1
C1,2022-11-27,15:25:22,1
C1,2022-11-27,15:25:22,2
C1,2022-11-27,15:25:22,1
C1,2022-11-27,15:25:22,1
C1,2022-11-27,15:25:22,2
C1,2022-11-27,15:25:22,2
C1,2022-11-27,15:25:23,2
C1,2022-11-27,15:25:23,2
C1,2022-11-27,15:25:23,2
C1,2022-11-27,15:25:23,2
C1,2022-11-27,15:25:23,2
C1,2022-11-27,15:25:23,2
C1,2022-11-27,15:25:23,2
C1,2022-11-27,15:25:23,2
C1,2022-11-27,15:25:24,2
C1,2022-11-27,15:25:24,2
C1,2022-11-27,15:25:24,2
C1,2022-11-27,15:25:24,2
C1,2022-11-27,15:25:24,2
C1,2022-11-27,15:25:24,2
C1,2022-11-27,15:25:24,2
C1,2022-11-27,15:25:24,2
C1,2022-11-27,15:25:24,2
C1,2022-11-27,15:25:25,3
C1,2022-11-27,15:25:25,3
C1,2022-11-27,15:25:25,3
C1,2022-11-27,15:25:25,3
C1,2022-11-27,15:25:25,3
C1,2022-11-27,15:25:25,3
C1,2022-11-27,15:25:25,3
C1,2022-11-27,15:25:25,3
C1,2022-11-27,15:25:26,3
C1,2022-11-28,07:21:36,2
C1,2022-11-28,07:21:36,2
C1,2022-11-28,07:21:36,1
C1,2022-11-28,07:21:36,2
C1,2022-11-28,07:21:38,2
C1,2022-11-28,07:21:38,2
C1,2022-11-28,07:21:38,2
C1,2022-11-28,07:21:38,2
C1,2022-11-28,07:21:38,2
C1,2022-11-28,07:21:38,2
C1,2022-11-28,07:21:39,2
C1,2022-11-28,07:21:39,2
C1,2022-11-28,07:21:39,1
C1,2022-11-28,07:21:39,1
C1,2022-11-28,07:21:39,1
C1,2022-11-28,07:21:40,1
C1,2022-11-28,07:21:40,1
C1,2022-11-28,07:21:40,1
C1,2022-11-28,07:21:40,1
C1,2022-11-28,07:21:40,1
C1,2022-11-28,07:21:41,1
C1,2022-11-28,07:21:41,2
C1,2022-11-28,07:21:41,2
C1,2022-11-28,07:21:41,2
C1,2022-11-28,07:21:41,2
C1,2022-11-28,07:21:41,2
C1,2022-11-28,07:21:42,2
C1,2022-11-28,07:21:42,2
C1,2022-11-28,07:21:42,2
C1,2022-11-28,07:21:42,2
C1,2022-11-28,07:21:42,2
C1,2022-11-28,07:21:43,2
C1,2022-11-28,07:21:43,2
C1,2022-11-28,07:21:43,2
C1,2022-11-28,07:21:43,2
C1,2022-11-28,07:21:43,2
C1,2022-11-28,07:21:43,2
C1,2022-11-28,07:21:44,2
C1,2022-11-28,07:21:44,2
C1,2022-11-28,07:21:44,2
C1,2022-11-28,07:21:44,3
C1,2022-11-28,07:21:45,3
C1,2022-11-28,07:21:45,3
C1,2022-11-28,07:21:45,3
C1,2022-11-28,07:21:45,3
C1,2022-11-28,07:21:45,3
C1,2022-11-28,07:21:45,3
C1,2022-11-28,07:21:46,3
C1,2022-11-28,07:21:46,3
C1,2022-11-28,07:21:46,3
C1,2022-11-28,07:21:46,3
C1,2022-11-28,07:21:46,3
C1,2022-11-28,07:21:47,3
C1,2022-11-28,07:21:47,3
C1,2022-11-28,07:21:47,1
C1,2022-11-28,07:21:47,2
C1,2022-11-28,07:21:47,2
C1,2022-11-28,07:21:47,2
C1,2022-11-28,07:21:48,2
C1,2022-11-28,07:21:48,2
C1,2022-11-28,07:21:48,2
C1,2022-11-28,07:21:48,2
C1,2022-11-28,07:21:48,2
C1,2022-11-28,07:21:49,2
C1,2022-11-28,07:21:49,2
C1,2022-11-28,07:21:49,1
C1,2022-11-28,07:21:49,2
C1,2022-11-28,07:21:49,2
C1,2022-11-28,07:21:50,2
C1,2022-11-28,07:21:50,2
C1,2022-11-28,07:21:50,1
C1,2022-11-28,07:21:50,1
C1,2022-11-28,07:21:50,2
C1,2022-11-28,07:21:51,2
C1,2022-11-28,07:21:51,1
C1,2022-11-28,07:21:51,1
C1,2022-11-28,07:21:51,1
C1,2022-11-28,07:21:51,1
C1,2022-11-28,07:21:51,2
C1,2022-11-28,07:21:52,2
C1,2022-11-28,07:21:52,2
C1,2022-11-28,07:21:52,2
C1,2022-11-28,07:21:52,2
C1,2022-11-28,07:21:52,2
C1,2022-11-28,07:21:53,2
C1,2022-11-28,07:21:53,2
C1,2022-11-28,07:21:53,2
C1,2022-11-28,07:21:53,2
C1,2022-11-28,07:21:53,2
C1,2022-11-28,07:21:54,2
C1,2022-11-28,07:21:54,2
C1,2022-11-28,07:21:54,2
C1,2022-11-28,07:21:54,2
C1,2022-11-28,07:21:54,2
C1,2022-11-28,07:21:55,2
C1,2022-11-28,07:21:55,2
C1,2022-11-28,07:21:55,2
C1,2022-11-28,07:21:55,3
C1,2022-11-28,07:21:55,3
C1,2022-11-28,07:21:55,3
C1,2022-11-28,07:21:56,3
C1,2022-11-28,07:21:56,3
C1,2022-11-28,07:21:56,3
C1,2022-11-28,07:21:56,1
C1,2022-11-28,07:21:56,1
C1,2022-11-28,07:21:56,2
C1,2022-11-28,07:21:57,1
C1,2022-11-28,07:21:57,2
C1,2022-11-28,07:21:57,2
C1,2022-11-28,07:21:57,2
C1,2022-11-28,07:21:57,2
C1,2022-11-28,07:21:58,2
C1,2022-11-28,07:21:58,2
C1,2022-11-28,07:21:58,2
C1,2022-11-28,07:21:58,2
C1,2022-11-28,07:21:58,2
C1,2022-11-28,07:21:58,2
C1,2022-11-28,07:21:59,2
C1,2022-11-28,07:21:59,2
C1,2022-11-28,07:21:59,2
C1,2022-11-28,07:21:59,2
C1,2022-11-28,07:21:59,2
C1,2022-11-28,07:22:00,2
C1,2022-11-28,07:22:00,2
C1,2022-11-28,07:22:00,2
C1,2022-11-28,07:22:00,2
C1,2022-11-28,07:22:00,3
C1,2022-11-28,07:22:01,3
C1,2022-11-28,07:22:01,3
C1,2022-11-28,07:22:01,3
C1,2022-11-28,07:22:01,3
C1,2022-11-28,07:22:01,1
C1,2022-11-28,07:22:01,2
C1,2022-11-28,07:22:02,2
C1,2022-11-28,07:22:02,1
C1,2022-11-28,07:22:02,2
C1,2022-11-28,07:22:02,2
C1,2022-11-28,07:22:02,2
C1,2022-11-28,07:22:02,1
C1,2022-11-28,07:22:03,2
C1,2022-11-28,07:22:03,2
C1,2022-11-28,07:22:03,2
C1,2022-11-28,07:22:03,2
C1,2022-11-28,07:22:03,2
C1,2022-11-28,07:22:04,2
C1,2022-11-28,07:22:04,2
C1,2022-11-28,07:22:04,2
C1,2022-11-28,07:22:04,2
C1,2022-11-28,07:22:04,2
C1,2022-11-28,07:22:04,2
C1,2022-11-28,07:22:05,2
C1,2022-11-28,07:22:05,2
C1,2022-11-28,07:22:05,2
C1,2022-11-28,07:22:05,2
C1,2022-11-28,07:22:05,2
C1,2022-11-28,07:22:06,2
C2,2022-11-28,07:34:29,2
C2,2022-11-28,07:34:29,2
C2,2022-11-28,07:34:29,2
C2,2022-11-28,07:34:30,2
C2,2022-11-28,07:34:30,2
C2,2022-11-28,07:34:30,2
C2,2022-11-28,07:34:30,2
C2,2022-11-28,07:34:30,2
C2,2022-11-28,07:34:30,2
C2,2022-11-28,07:34:31,2
C2,2022-11-28,07:34:31,2
C2,2022-11-28,07:34:31,2
C2,2022-11-28,07:34:31,2
C2,2022-11-28,07:34:31,2
C2,2022-11-28,07:34:31,2
C2,2022-11-28,07:34:31,2
C2,2022-11-28,07:34:32,2
C2,2022-11-28,07:34:32,2
C2,2022-11-28,07:34:32,2
C2,2022-11-28,07:34:32,3
C2,2022-11-28,07:34:32,3
C2,2022-11-28,07:34:32,3
C2,2022-11-28,07:34:32,3
C2,2022-11-28,07:34:33,3
C2,2022-11-28,07:34:33,3
C2,2022-11-28,07:34:33,3
C2,2022-11-28,07:34:33,3
C2,2022-11-28,07:34:33,3
C2,2022-11-28,07:34:33,3
C2,2022-11-28,07:34:33,3
C2,2022-11-28,07:34:34,3
C2,2022-11-28,07:34:34,3
C2,2022-11-28,07:34:34,1
C2,2022-11-28,07:34:34,1
C2,2022-11-28,07:34:34,1
C2,2022-11-28,07:34:34,2
C2,2022-11-28,07:34:34,1
C2,2022-11-28,07:34:35,2
C2,2022-11-28,07:34:35,2
C2,2022-11-28,07:34:35,2
C2,2022-11-28,07:34:35,1
C2,2022-11-28,07:34:35,2
C2,2022-11-28,07:34:35,2
C2,2022-11-28,07:34:35,2
C2,2022-11-28,07:34:35,2
C2,2022-11-28,07:34:36,2
C2,2022-11-28,07:34:36,2
C2,2022-11-28,07:34:36,2
C2,2022-11-28,07:34:36,2
C2,2022-11-28,07:34:36,2
C2,2022-11-28,07:34:37,2
C2,2022-11-28,07:34:37,2
C2,2022-11-28,07:34:37,2
C2,2022-11-28,07:34:37,2
C2,2022-11-28,07:34:37,2
C2,2022-11-28,07:34:37,2
C2,2022-11-28,07:34:37,2
C2,2022-11-28,07:34:38,2
C2,2022-11-28,07:34:38,2
C2,2022-11-28,07:34:38,2
C2,2022-11-28,07:34:38,3
C2,2022-11-28,07:34:38,3
C2,2022-11-28,07:34:38,3
C2,2022-11-28,07:34:38,3
C2,2022-11-28,07:34:39,3
C2,2022-11-28,07:34:39,3
C2,2022-11-28,07:34:39,3
C2,2022-11-28,07:34:39,3
C2,2022-11-28,07:34:39,3
C2,2022-11-28,07:34:39,3
C2,2022-11-28,07:34:39,3
C2,2022-11-28,07:34:39,3
C2,2022-11-28,07:34:40,3
C2,2022-11-28,07:34:40,3
C2,2022-11-28,07:34:40,3
C2,2022-11-28,07:34:40,3
C2,2022-11-28,07:37:15,2
C2,2022-11-28,07:37:15,2
C2,2022-11-28,07:37:15,2
C2,2022-11-28,07:37:15,2
C2,2022-11-28,07:37:15,2
C2,2022-11-28,07:37:15,2
C2,2022-11-28,07:37:15,2
C2,2022-11-28,07:37:15,2
C2,2022-11-28,07:37:16,2
C2,2022-11-28,07:37:16,2
C2,2022-11-28,07:37:16,2
C2,2022-11-28,07:37:16,2
C2,2022-11-28,07:37:16,2
C2,2022-11-28,07:37:17,2
C2,2022-11-28,07:37:17,2
C2,2022-11-28,07:37:17,2
C2,2022-11-28,07:37:17,2
C2,2022-11-28,07:37:18,2
C2,2022-11-28,07:37:18,2
C2,2022-11-28,07:37:18,3
C2,2022-11-28,07:37:18,3
C2,2022-11-28,07:37:18,3
C2,2022-11-28,07:37:18,3
C2,2022-11-28,07:37:18,3
C2,2022-11-28,07:37:18,1
C2,2022-11-28,07:37:19,2
C2,2022-11-28,07:37:19,2
C2,2022-11-28,07:37:19,2
C2,2022-11-28,07:37:19,2
C2,2022-11-28,07:37:19,2
C2,2022-11-28,07:37:19,2
C2,2022-11-28,07:37:19,2
C2,2022-11-28,07:37:19,2
C2,2022-11-28,07:37:20,2
C2,2022-11-28,07:37:20,2
C2,2022-11-28,07:37:20,2
C2,2022-11-28,07:37:20,2
C2,2022-11-28,07:37:20,2
C2,2022-11-28,07:37:20,2
C2,2022-11-28,07:37:20,2
C2,2022-11-28,07:37:20,2
C2,2022-11-28,07:37:21,2
C2,2022-11-28,07:37:21,2
C2,2022-11-28,07:37:21,2
C2,2022-11-28,07:37:21,3
C2,2022-11-28,07:37:21,3
C2,2022-11-28,07:37:21,3
C2,2022-11-28,07:37:21,3
C2,2022-11-28,07:37:22,3
C2,2022-11-28,07:37:22,3
C2,2022-11-28,07:37:22,3
C2,2022-11-28,07:37:22,3
C2,2022-11-28,07:37:22,3
C2,2022-11-28,07:37:22,3
C2,2022-11-28,07:37:22,3
C2,2022-11-28,07:37:22,3
C2,2022-11-28,07:37:23,3
C2,2022-11-28,07:37:23,3
C2,2022-11-28,07:37:23,3
C2,2022-11-28,07:37:23,3
C2,2022-11-28,07:37:23,3
C2,2022-11-28,07:37:23,3
C2,2022-11-28,07:37:23,3
C2,2022-11-28,07:37:24,3
C2,2022-11-28,07:37:24,3
C2,2022-11-28,07:40:44,2
C2,2022-11-28,07:40:44,2
C2,2022-11-28,07:40:44,2
C2,2022-11-28,07:40:44,2
C2,2022-11-28,07:40:44,2
C2,2022-11-28,07:40:44,2
C2,2022-11-28,07:40:44,2
C2,2022-11-28,07:40:45,2
C2,2022-11-28,07:40:45,2
C2,2022-11-28,07:40:45,2
C2,2022-11-28,07:40:45,2
C2,2022-11-28,07:40:45,2
C2,2022-11-28,07:40:45,2
C2,2022-11-28,07:40:45,2
C2,2022-11-28,07:40:46,2
C2,2022-11-28,07:40:46,2
C2,2022-11-28,07:40:46,2
C2,2022-11-28,07:40:46,2
C2,2022-11-28,07:40:46,2
C2,2022-11-28,07:40:46,3
C2,2022-11-28,07:40:46,3
C2,2022-11-28,07:40:46,3
C2,2022-11-28,07:40:47,3
C2,2022-11-28,07:40:47,3
C2,2022-11-28,07:40:47,3
C2,2022-11-28,07:40:47,3
C2,2022-11-28,07:40:47,3
C2,2022-11-28,07:40:47,3
C2,2022-11-28,07:40:47,3
C2,2022-11-28,07:40:47,3
C2,2022-11-28,07:40:47,3
C2,2022-11-28,07:40:48,3
C2,2022-11-28,07:40:48,3
C2,2022-11-28,07:40:48,3
C2,2022-11-28,07:40:48,3
C2,2022-11-28,07:40:49,3
C2,2022-11-28,07:40:49,3
C2,2022-11-28,07:40:50,3
C2,2022-11-28,07:40:50,3
C2,2022-11-28,07:40:50,3
C2,2022-11-28,07:40:50,3
C2,2022-11-28,07:40:50,3
C2,2022-11-28,07:40:50,3
C2,2022-11-28,07:40:51,3
C2,2022-11-28,07:40:57,3
C2,2022-11-28,07:40:57,3
C2,2022-11-28,07:40:57,3
C2,2022-11-28,07:40:57,3
C2,2022-11-28,07:40:58,3
C2,2022-11-28,07:40:58,3
C2,2022-11-28,07:41:00,3
C2,2022-11-28,07:41:00,3
C2,2022-11-28,07:41:00,1
C2,2022-11-28,07:41:00,2
C2,2022-11-28,07:41:00,2
C2,2022-11-28,07:41:00,2
C2,2022-11-28,07:41:01,1
C2,2022-11-28,07:41:02,2
C2,2022-11-28,07:41:02,1
C2,2022-11-28,07:41:02,1
C2,2022-11-28,07:41:02,1
C2,2022-11-28,07:41:02,1
C2,2022-11-28,07:41:02,1
C2,2022-11-28,07:41:03,1
C2,2022-11-28,07:41:03,2
C2,2022-11-28,07:41:03,2
C2,2022-11-28,07:41:03,2
C2,2022-11-28,07:41:03,2
C2,2022-11-28,07:41:03,2
C2,2022-11-28,07:41:03,2
C2,2022-11-28,07:41:04,1
C2,2022-11-28,07:41:04,1
C2,2022-11-28,07:41:04,1
C2,2022-11-28,07:41:04,2
C2,2022-11-28,07:41:04,2
C2,2022-11-28,07:41:04,2
C2,2022-11-28,07:41:04,2
C2,2022-11-28,07:41:05,2
C2,2022-11-28,07:41:05,2
C2,2022-11-28,07:41:05,2
C2,2022-11-28,07:41:05,2
C2,2022-11-28,07:41:05,2
C2,2022-11-28,07:41:05,2
C2,2022-11-28,07:41:05,2
C2,2022-11-28,07:41:05,2
C2,2022-11-28,07:41:06,2
C2,2022-11-28,07:41:06,2
C2,2022-11-28,07:41:06,2
C2,2022-11-28,07:41:06,2
C2,2022-11-28,07:41:06,2
C2,2022-11-28,07:41:06,2
C2,2022-11-28,07:41:06,2
C2,2022-11-28,07:41:07,3
C2,2022-11-28,07:41:07,3
C2,2022-11-28,07:41:07,3
C2,2022-11-28,07:41:07,3
C2,2022-11-28,07:41:07,3
C2,2022-11-28,07:41:07,3
C2,2022-11-28,07:41:08,3
C2,2022-11-28,07:41:08,3
C2,2022-11-28,07:41:08,3
C2,2022-11-28,07:41:08,3
C2,2022-11-28,07:41:08,3
C2,2022-11-28,07:41:08,1
C2,2022-11-28,07:41:08,1
C2,2022-11-28,07:41:08,1
C2,2022-11-28,07:41:09,2
C2,2022-11-28,07:41:09,1
C2,2022-11-28,07:41:09,1
C2,2022-11-28,07:41:09,2
C2,2022-11-28,07:41:11,2
C2,2022-11-28,07:41:11,2
C2,2022-11-28,07:41:11,2
C2,2022-11-28,07:41:11,2
C2,2022-11-28,07:41:11,2
C2,2022-11-28,07:41:11,2
C2,2022-11-28,07:41:11,2
C2,2022-11-28,07:41:12,2
C2,2022-11-28,07:41:12,2
C2,2022-11-28,07:41:12,2
C2,2022-11-28,07:41:12,2
C2,2022-11-28,07:41:12,1
C2,2022-11-28,07:41:12,2
C2,2022-11-28,07:41:13,2
C2,2022-11-28,07:41:13,2
C2,2022-11-28,07:41:13,2
C2,2022-11-28,07:41:13,2
C2,2022-11-28,07:41:13,2
C2,2022-11-28,07:41:13,2
C2,2022-11-28,07:41:13,2
C2,2022-11-28,07:41:14,2
C2,2022-11-28,07:41:14,2
C2,2022-11-28,07:41:14,2
C2,2022-11-28,07:45:25,2
C2,2022-11-28,07:45:25,2
C2,2022-11-28,07:45:25,2
C2,2022-11-28,07:45:25,2
C2,2022-11-28,07:45:25,2
C2,2022-11-28,07:45:25,2
C2,2022-11-28,07:45:26,2
C2,2022-11-28,07:45:26,2
C2,2022-11-28,07:45:26,2
C2,2022-11-28,07:45:26,2
C2,2022-11-28,07:45:26,2
C2,2022-11-28,07:45:26,2
C2,2022-11-28,07:45:27,2
C2,2022-11-28,07:45:27,2
C2,2022-11-28,07:45:27,2
C2,2022-11-28,07:45:27,2
C2,2022-11-28,07:45:27,2
C2,2022-11-28,07:45:27,2
C2,2022-11-28,07:45:27,2
C2,2022-11-28,07:45:27,3
C2,2022-11-28,07:45:28,3
C2,2022-11-28,07:45:28,3
C2,2022-11-28,07:45:28,3
C2,2022-11-28,07:45:28,3
C2,2022-11-28,07:45:28,3
C2,2022-11-28,07:45:28,3
C2,2022-11-28,07:45:28,3
C2,2022-11-28,07:45:29,3
C2,2022-11-28,07:45:29,3
C2,2022-11-28,07:45:29,3
C2,2022-11-28,07:45:29,3
C2,2022-11-28,07:45:29,3
C2,2022-11-28,07:45:29,3
C2,2022-11-28,07:45:29,3
C2,2022-11-28,07:45:30,3
C2,2022-11-28,07:45:30,3
C2,2022-11-28,07:45:30,3
C2,2022-11-28,07:45:30,3
C2,2022-11-28,07:45:30,3
C2,2022-11-28,07:45:31,3
C2,2022-11-28,07:45:31,3
C2,2022-11-28,07:45:31,3
C2,2022-11-28,07:45:31,3
C2,2022-11-28,07:45:31,3
C2,2022-11-28,07:45:31,3
C2,2022-11-28,07:45:31,3
C2,2022-11-28,07:45:32,3
C2,2022-11-28,07:45:32,3
C2,2022-11-28,07:45:32,3
C2,2022-11-28,07:45:32,1
C2,2022-11-28,07:45:32,2
C2,2022-11-28,07:45:32,2
C2,2022-11-28,07:45:32,2
C2,2022-11-28,07:45:33,2
C2,2022-11-28,07:45:33,2
C2,2022-11-28,07:45:33,2
C2,2022-11-28,07:45:33,2
C2,2022-11-28,07:45:33,2
C2,2022-11-28,07:45:33,2
C2,2022-11-28,07:45:33,2
C2,2022-11-28,07:45:34,1
C2,2022-11-28,07:45:34,2
C2,2022-11-28,07:45:34,2
C2,2022-11-28,07:45:34,1
C2,2022-11-28,07:45:34,1
C2,2022-11-28,07:45:34,2
C2,2022-11-28,07:45:34,2
C2,2022-11-28,07:45:34,2
C2,2022-11-28,07:45:35,1
C2,2022-11-28,07:45:35,2
C2,2022-11-28,07:45:35,2
C2,2022-11-28,07:45:35,2
C2,2022-11-28,07:45:35,2
C2,2022-11-28,07:45:37,2
C2,2022-11-28,07:45:37,2
C2,2022-11-28,07:45:37,2
C2,2022-11-28,07:45:37,2
C2,2022-11-28,07:45:38,2
C2,2022-11-28,07:45:38,2
C2,2022-11-28,07:45:38,2
C2,2022-11-28,07:45:38,2
C2,2022-11-28,07:45:38,2
C2,2022-11-28,07:45:38,2
C2,2022-11-28,07:45:38,2
C2,2022-11-28,07:45:38,2
C2,2022-11-28,07:45:39,2
C2,2022-11-28,07:45:41,2
C2,2022-11-28,07:45:41,1
C2,2022-11-28,07:45:41,2
C2,2022-11-28,07:45:41,2
C2,2022-11-28,07:45:41,2
C2,2022-11-28,07:45:41,2
C2,2022-11-28,07:45:41,2
C2,2022-11-28,07:48:45,2
C2,2022-11-28,07:48:46,2
C2,2022-11-28,07:48:47,2
C2,2022-11-28,07:48:47,2
C2,2022-11-28,07:48:47,2
C2,2022-11-28,07:48:47,2
C2,2022-11-28,07:48:47,2
C2,2022-11-28,07:48:47,2
C2,2022-11-28,07:48:48,2
C2,2022-11-28,07:48:48,2
C2,2022-11-28,07:48:48,2
C2,2022-11-28,07:48:48,2
C2,2022-11-28,07:48:48,2
C2,2022-11-28,07:48:50,2
C2,2022-11-28,07:48:50,1
C2,2022-11-28,07:48:50,2
C2,2022-11-28,07:48:50,2
C2,2022-11-28,07:48:50,2
C2,2022-11-28,07:48:51,2
C2,2022-11-28,07:48:51,2
C2,2022-11-28,07:48:51,2
C2,2022-11-28,07:48:51,2
C2,2022-11-28,07:48:51,2
C2,2022-11-28,07:48:51,2
C2,2022-11-28,07:48:51,2
C2,2022-11-28,07:48:52,2
C2,2022-11-28,07:48:52,2
C2,2022-11-28,07:48:52,2
C2,2022-11-28,07:48:52,1
C2,2022-11-28,07:48:52,2
C2,2022-11-28,07:48:52,2
C2,2022-11-28,07:48:52,2
C2,2022-11-28,07:48:52,2
C2,2022-11-28,07:48:53,2
C2,2022-11-28,07:48:53,2
C2,2022-11-28,07:48:53,2
C2,2022-11-28,07:48:53,2
C2,2022-11-28,07:48:53,2
C2,2022-11-28,07:48:53,2
C2,2022-11-28,07:48:53,2
C2,2022-11-28,07:48:53,2
C2,2022-11-28,07:48:54,2
C2,2022-11-28,07:48:54,2
C2,2022-11-28,07:48:54,2
C2,2022-11-28,07:48:54,2
C2,2022-11-28,07:48:54,2
C2,2022-11-28,07:48:54,2
C2,2022-11-28,07:48:54,2
C2,2022-11-28,07:48:55,3
C2,2022-11-28,07:48:55,3
C2,2022-11-28,07:48:55,3
C2,2022-11-28,07:48:55,3
C2,2022-11-28,07:48:55,3
C2,2022-11-28,07:48:55,3
C2,2022-11-28,07:48:55,3
C2,2022-11-28,07:48:56,3
C2,2022-11-28,07:48:56,3
C2,2022-11-28,07:48:56,3
C2,2022-11-28,07:48:56,3
C2,2022-11-28,07:48:56,3
C2,2022-11-28,07:48:56,1
C2,2022-11-28,07:48:56,2
C2,2022-11-28,07:48:56,1
C2,2022-11-28,07:48:57,1
C2,2022-11-28,07:48:57,2
C2,2022-11-28,07:48:57,2
C2,2022-11-28,07:48:57,2
C2,2022-11-28,07:48:57,2
C2,2022-11-28,07:48:59,2
C2,2022-11-28,07:49:00,2
C2,2022-11-28,07:49:00,2
C2,2022-11-28,07:49:00,2
C2,2022-11-28,07:49:00,2
C2,2022-11-28,07:49:00,1
C2,2022-11-28,07:49:00,2
C2,2022-11-28,07:49:00,2
C2,2022-11-28,07:49:01,2
C2,2022-11-28,07:49:01,2
C2,2022-11-28,07:49:01,2
C2,2022-11-28,07:49:01,2
C2,2022-11-28,07:49:01,2
C2,2022-11-28,07:49:01,2
C2,2022-11-28,07:49:01,2
C2,2022-11-28,07:49:02,2
C2,2022-11-28,07:49:02,2
C2,2022-11-28,07:49:02,2
C2,2022-11-28,07:49:02,2
C2,2022-11-28,07:49:02,2
C2,2022-11-28,07:49:02,2
C2,2022-11-28,07:49:02,2
C2,2022-11-28,07:49:02,2
C2,2022-11-28,07:49:03,2
C2,2022-11-28,07:49:03,2
C2,2022-11-28,07:49:03,3
C2,2022-11-28,07:49:03,3
C2,2022-11-28,07:49:03,3
C2,2022-11-28,07:49:03,3
C2,2022-11-28,07:49:03,3
C2,2022-11-28,07:49:03,3
C2,2022-11-28,07:49:04,3
C2,2022-11-28,07:49:04,3
C2,2022-11-28,07:49:04,3
C2,2022-11-28,07:49:04,3
C2,2022-11-28,07:49:04,3
C2,2022-11-28,07:49:04,3
C2,2022-11-28,07:49:04,3
C2,2022-11-28,07:49:05,3
C2,2022-11-28,07:49:05,3
C2,2022-11-28,07:49:05,3
C2,2022-11-28,07:49:05,3
C2,2022-11-28,07:49:05,3
C2,2022-11-28,07:49:06,3
C2,2022-11-28,07:49:06,3
C2,2022-11-28,07:49:06,3
C2,2022-11-28,07:49:06,3
C2,2022-11-28,07:56:26,2
C2,2022-11-28,07:56:26,2
C2,2022-11-28,07:56:26,2
C2,2022-11-28,07:56:26,2
C2,2022-11-28,07:56:26,2
C2,2022-11-28,07:56:27,2
C2,2022-11-28,07:56:27,2
C2,2022-11-28,07:56:27,2
C2,2022-11-28,07:56:27,2
C2,2022-11-28,07:56:27,2
C2,2022-11-28,07:56:27,2
C2,2022-11-28,07:56:27,2
C2,2022-11-28,07:56:28,2
C2,2022-11-28,07:56:28,2
C2,2022-11-28,07:56:28,2
C2,2022-11-28,07:56:28,2
C2,2022-11-28,07:56:28,2
C2,2022-11-28,07:56:28,2
C2,2022-11-28,07:56:28,2
C2,2022-11-28,07:56:28,3
C2,2022-11-28,07:56:29,3
C2,2022-11-28,07:56:29,3
C2,2022-11-28,07:56:30,3
C2,2022-11-28,07:56:30,3
C2,2022-11-28,07:56:30,3
C2,2022-11-28,07:56:31,3
C2,2022-11-28,07:56:31,3
C2,2022-11-28,07:56:31,3
C2,2022-11-28,07:56:31,3
C2,2022-11-28,07:56:31,3
C2,2022-11-28,07:56:31,3
C2,2022-11-28,07:56:31,3
C2,2022-11-28,07:56:33,3
C2,2022-11-28,07:56:33,1
C2,2022-11-28,07:56:33,1
C2,2022-11-28,07:56:33,1
C2,2022-11-28,07:56:33,1
C2,2022-11-28,07:56:33,2
C2,2022-11-28,07:56:34,1
C2,2022-11-28,07:56:34,2
C2,2022-11-28,07:56:34,2
C2,2022-11-28,07:56:34,2
C2,2022-11-28,07:56:34,2
C2,2022-11-28,07:56:34,2
C2,2022-11-28,07:56:34,2
C2,2022-11-28,07:56:34,2
C2,2022-11-28,07:56:35,2
C2,2022-11-28,07:56:35,2
C2,2022-11-28,07:56:35,2
C2,2022-11-28,07:56:35,2
C2,2022-11-28,07:56:36,2
C2,2022-11-28,07:56:36,2
C2,2022-11-28,07:56:36,2
C2,2022-11-28,07:56:36,2
C2,2022-11-28,07:56:36,2
C2,2022-11-28,07:56:37,2
C2,2022-11-28,07:56:37,2
C2,2022-11-28,07:56:37,2
C2,2022-11-28,07:56:37,3
C2,2022-11-28,07:56:37,3
C2,2022-11-28,07:56:37,3
C2,2022-11-28,07:56:37,3
C2,2022-11-28,07:56:37,3
C2,2022-11-28,07:56:38,3
C2,2022-11-28,07:56:38,3
C2,2022-11-28,07:56:38,3
C2,2022-11-28,07:56:38,3
C2,2022-11-28,07:56:38,3
C2,2022-11-28,07:56:38,3
C2,2022-11-28,07:56:38,3
C2,2022-11-28,07:59:36,2
C2,2022-11-28,07:59:36,2
C2,2022-11-28,07:59:36,2
C2,2022-11-28,07:59:36,2
C2,2022-11-28,07:59:37,2
C2,2022-11-28,07:59:37,2
C2,2022-11-28,07:59:37,2
C2,2022-11-28,07:59:37,2
C2,2022-11-28,07:59:37,2
C2,2022-11-28,07:59:37,2
C2,2022-11-28,07:59:38,2
C2,2022-11-28,07:59:38,2
C2,2022-11-28,07:59:38,2
C2,2022-11-28,07:59:38,2
C2,2022-11-28,07:59:38,2
C2,2022-11-28,07:59:38,2
C2,2022-11-28,07:59:38,2
C2,2022-11-28,07:59:38,2
C2,2022-11-28,07:59:39,2
C2,2022-11-28,07:59:39,3
C2,2022-11-28,07:59:39,3
C2,2022-11-28,07:59:39,3
C2,2022-11-28,07:59:39,3
C2,2022-11-28,07:59:39,3
C2,2022-11-28,07:59:39,3
C2,2022-11-28,07:59:40,3
C2,2022-11-28,07:59:40,3
C2,2022-11-28,07:59:40,3
C2,2022-11-28,07:59:40,3
C2,2022-11-28,07:59:40,3
C2,2022-11-28,07:59:40,3
C2,2022-11-28,07:59:40,3
C2,2022-11-28,07:59:40,3
C2,2022-11-28,07:59:41,3
C2,2022-11-28,07:59:41,3
C2,2022-11-28,07:59:41,3
C2,2022-11-28,07:59:41,3
C2,2022-11-28,07:59:41,3
C2,2022-11-28,07:59:41,1
C2,2022-11-28,07:59:42,2
C2,2022-11-28,07:59:42,2
C2,2022-11-28,07:59:42,2
C2,2022-11-28,07:59:42,1
C2,2022-11-28,07:59:42,2
C2,2022-11-28,07:59:43,2
C2,2022-11-28,07:59:43,2
C2,2022-11-28,07:59:43,2
C2,2022-11-28,07:59:43,2
C2,2022-11-28,07:59:43,2
C2,2022-11-28,07:59:43,2
C2,2022-11-28,07:59:43,2
C2,2022-11-28,07:59:43,2
C2,2022-11-28,07:59:44,2
C2,2022-11-28,07:59:44,2
C2,2022-11-28,07:59:44,2
C2,2022-11-28,07:59:44,2
C2,2022-11-28,07:59:44,2
C2,2022-11-28,07:59:44,2
C2,2022-11-28,07:59:44,2
C2,2022-11-28,07:59:45,2
C2,2022-11-28,07:59:45,2
C2,2022-11-28,07:59:45,2
C2,2022-11-28,07:59:45,3
C2,2022-11-28,07:59:45,3
C2,2022-11-28,07:59:45,3
C2,2022-11-28,07:59:45,3
C2,2022-11-28,07:59:45,3
C2,2022-11-28,07:59:46,3
C2,2022-11-28,07:59:46,3
C2,2022-11-28,07:59:46,3
C2,2022-11-28,07:59:46,3
C2,2022-11-28,07:59:46,3
C2,2022-11-28,07:59:46,3
C2,2022-11-28,07:59:46,3
C2,2022-11-28,07:59:46,3
C2,2022-11-28,07:59:47,3
C2,2022-11-28,07:59:49,3
C2,2022-11-28,07:59:49,3
C2,2022-11-28,07:59:50,3
C2,2022-11-28,07:59:50,3
C2,2022-11-28,07:59:50,3
C2,2022-11-28,07:59:50,3
C2,2022-11-28,07:59:50,3
C2,2022-11-28,07:59:50,3
C2,2022-11-28,07:59:51,3
C2,2022-11-28,07:59:51,3
C2,2022-11-28,07:59:51,1
C2,2022-11-28,07:59:51,1
C2,2022-11-28,07:59:51,2
C2,2022-11-28,07:59:52,2
C2,2022-11-28,07:59:52,2
C2,2022-11-28,07:59:52,2
C2,2022-11-28,07:59:52,2
C2,2022-11-28,07:59:52,2
C2,2022-11-28,07:59:52,1
C2,2022-11-28,07:59:52,2
C2,2022-11-28,07:59:52,2
C2,2022-11-28,07:59:53,2
C2,2022-11-28,07:59:53,2
C2,2022-11-28,07:59:53,2
C2,2022-11-28,07:59:53,2
C2,2022-11-28,07:59:53,2
C2,2022-11-28,07:59:53,2
C2,2022-11-28,07:59:53,2
C2,2022-11-28,07:59:54,2
C2,2022-11-28,07:59:54,2
C2,2022-11-28,07:59:55,2
C2,2022-11-28,07:59:55,2
C2,2022-11-28,07:59:55,2
C2,2022-11-28,07:59:55,2
C2,2022-11-28,07:59:55,2
C2,2022-11-28,07:59:55,2
C2,2022-11-28,07:59:59,2
C2,2022-11-28,07:59:59,2
C2,2022-11-28,07:59:59,3
C2,2022-11-28,07:59:59,3
C2,2022-11-28,07:59:59,3
C2,2022-11-28,07:59:59,3
C2,2022-11-28,07:59:59,3
C2,2022-11-28,08:00:00,3
C2,2022-11-28,08:00:00,3
C2,2022-11-28,08:00:00,3
C2,2022-11-28,08:00:00,3
C2,2022-11-28,08:00:00,3
C2,2022-11-28,08:00:00,3
C2,2022-11-28,08:00:00,3
C2,2022-11-28,08:00:02,3
C2,2022-11-28,08:00:02,3
C2,2022-11-28,08:00:02,3
C2,2022-11-28,08:00:02,3
C2,2022-11-28,08:00:02,3
C2,2022-11-28,08:00:02,3
C2,2022-11-28,08:00:03,3
C2,2022-11-28,08:00:03,3
C2,2022-11-28,08:00:03,3
C2,2022-11-28,08:00:03,3
C2,2022-11-28,08:00:03,3
C2,2022-11-28,08:00:03,3
C2,2022-11-28,08:00:03,3
C2,2022-11-28,08:00:03,3
C2,2022-11-28,08:00:04,3
C2,2022-11-28,08:00:04,3
C2,2022-11-28,08:00:04,1
C2,2022-11-28,08:00:04,1
C2,2022-11-28,08:00:04,1
C2,2022-11-28,08:00:04,1
C2,2022-11-28,08:00:04,1
C2,2022-11-28,08:00:04,1
C2,2022-11-28,08:00:05,1
C2,2022-11-28,08:00:05,1
C2,2022-11-28,08:00:05,1
C2,2022-11-28,08:00:05,2
C2,2022-11-28,08:00:05,1
C2,2022-11-28,08:00:05,1
C2,2022-11-28,08:00:05,1
C2,2022-11-28,08:00:05,1
C2,2022-11-28,08:00:06,1
C2,2022-11-28,08:00:06,1
C2,2022-11-28,08:00:06,1
C2,2022-11-28,08:00:06,1
C2,2022-11-28,08:00:06,1
C2,2022-11-28,08:00:06,1
C2,2022-11-28,08:00:06,1
C2,2022-11-28,08:00:06,1
C2,2022-11-28,08:00:07,1
C2,2022-11-28,08:00:07,1
C2,2022-11-28,08:00:07,1
C2,2022-11-28,08:00:07,1
C2,2022-11-28,08:00:07,1
C2,2022-11-28,08:00:07,1
C2,2022-11-28,08:00:07,1
C2,2022-11-28,08:00:07,1
C2,2022-11-28,08:00:08,1
C2,2022-11-28,08:00:08,2
C2,2022-11-28,08:00:09,1
C2,2022-11-28,08:00:09,1
C2,2022-11-28,08:00:09,1
C2,2022-11-28,08:00:10,1
C2,2022-11-28,08:00:10,1
C2,2022-11-28,08:00:10,1
C2,2022-11-28,08:00:10,1
C2,2022-11-28,08:00:10,2
C2,2022-11-28,08:00:10,2
C2,2022-11-28,08:00:10,2
C2,2022-11-28,08:00:10,2
C2,2022-11-28,08:00:11,2
C2,2022-11-28,08:00:11,2
C2,2022-11-28,08:00:11,2
C2,2022-11-28,08:00:11,2
C2,2022-11-28,08:00:11,2
C2,2022-11-28,08:00:11,2
C2,2022-11-28,08:00:11,2
C2,2022-11-28,08:00:12,2
C2,2022-11-28,08:00:12,2
C2,2022-11-28,08:00:12,2
C2,2022-11-28,08:00:12,2
C2,2022-11-28,08:00:12,2
C2,2022-11-28,08:03:17,2
C2,2022-11-28,08:03:17,2
C2,2022-11-28,08:03:17,2
C2,2022-11-28,08:03:18,2
C2,2022-11-28,08:03:18,2
C2,2022-11-28,08:03:18,2
C2,2022-11-28,08:03:18,2
C2,2022-11-28,08:03:18,2
C2,2022-11-28,08:03:19,2
C2,2022-11-28,08:03:19,2
C2,2022-11-28,08:03:19,2
C2,2022-11-28,08:03:19,2
C2,2022-11-28,08:03:19,2
C2,2022-11-28,08:03:19,2
C2,2022-11-28,08:03:20,2
C2,2022-11-28,08:03:20,2
C2,2022-11-28,08:03:20,2
C2,2022-11-28,08:03:20,2
C2,2022-11-28,08:03:20,2
C2,2022-11-28,08:03:20,3
C2,2022-11-28,08:03:20,3
C2,2022-11-28,08:03:20,3
C2,2022-11-28,08:03:21,3
C2,2022-11-28,08:03:21,3
C2,2022-11-28,08:03:21,3
C2,2022-11-28,08:03:21,3
C2,2022-11-28,08:03:21,3
C2,2022-11-28,08:03:21,3
C2,2022-11-28,08:03:22,3
C2,2022-11-28,08:03:22,3
C2,2022-11-28,08:03:22,3
C2,2022-11-28,08:03:22,3
C2,2022-11-28,08:03:22,3
C2,2022-11-28,08:03:22,3
C2,2022-11-28,08:03:22,3
C2,2022-11-28,08:03:22,1
C2,2022-11-28,08:03:23,1
C2,2022-11-28,08:03:23,1
C2,2022-11-28,08:03:23,1
C2,2022-11-28,08:03:23,1
C2,2022-11-28,08:03:23,1
C2,2022-11-28,08:03:23,1
C2,2022-11-28,08:03:23,1
C2,2022-11-28,08:03:24,2
C2,2022-11-28,08:03:24,2
C2,2022-11-28,08:03:24,2
C2,2022-11-28,08:03:24,1
C2,2022-11-28,08:03:24,1
C2,2022-11-28,08:03:25,1
C2,2022-11-28,08:03:25,1
C2,2022-11-28,08:03:25,1
C2,2022-11-28,08:03:25,1
C2,2022-11-28,08:03:25,1
C2,2022-11-28,08:03:25,1
C2,2022-11-28,08:03:25,1
C2,2022-11-28,08:03:26,1
C2,2022-11-28,08:03:26,1
C2,2022-11-28,08:03:26,1
C2,2022-11-28,08:03:26,1
C2,2022-11-28,08:03:26,1
C2,2022-11-28,08:03:26,1
C2,2022-11-28,08:03:26,1
C2,2022-11-28,08:03:27,1
C2,2022-11-28,08:03:27,1
C2,2022-11-28,08:03:27,1
C2,2022-11-28,08:03:27,1
C2,2022-11-28,08:03:27,1
C2,2022-11-28,08:03:27,2
C2,2022-11-28,08:03:27,2
C2,2022-11-28,08:03:28,2
C2,2022-11-28,08:03:28,2
C2,2022-11-28,08:03:28,2
C2,2022-11-28,08:03:29,1
C2,2022-11-28,08:03:30,1
C2,2022-11-28,08:03:30,1
C2,2022-11-28,08:03:30,1
C2,2022-11-28,08:03:30,1
C2,2022-11-28,08:03:30,1
C2,2022-11-28,08:03:30,1
C2,2022-11-28,08:03:30,1
C2,2022-11-28,08:03:30,1
C2,2022-11-28,08:03:31,1
C2,2022-11-28,08:03:31,2
C2,2022-11-28,08:03:31,1
C2,2022-11-28,08:03:31,1
C2,2022-11-28,08:03:31,1
C2,2022-11-28,08:03:31,1
C2,2022-11-28,08:03:31,1
C2,2022-11-28,08:03:32,1
C2,2022-11-28,08:03:32,1
C2,2022-11-28,08:03:32,1
C2,2022-11-28,08:03:32,2
C2,2022-11-28,08:03:32,2
C2,2022-11-28,08:03:32,1
C2,2022-11-28,08:03:33,1
C2,2022-11-28,08:03:33,1
C2,2022-11-28,08:03:33,1
C2,2022-11-28,08:03:33,1
C2,2022-11-28,08:03:33,1
C2,2022-11-28,08:03:33,1
C2,2022-11-28,08:03:33,1
C2,2022-11-28,08:03:34,1
C2,2022-11-28,08:03:34,1
C2,2022-11-28,08:03:34,1
C2,2022-11-28,08:03:34,1
C2,2022-11-28,08:03:34,1
C2,2022-11-28,08:03:34,2
C2,2022-11-28,08:03:34,1
C2,2022-11-28,08:03:34,2
C2,2022-11-28,08:03:35,2
C2,2022-11-28,08:03:35,2
C2,2022-11-28,08:03:35,2
C2,2022-11-28,08:03:35,2
C2,2022-11-28,08:03:35,2
C2,2022-11-28,08:03:35,2
C2,2022-11-28,08:03:35,2
C2,2022-11-28,08:03:36,2
C2,2022-11-28,08:03:36,2
C2,2022-11-28,08:03:36,1
C2,2022-11-28,08:03:36,2
C2,2022-11-28,08:03:36,2
C2,2022-11-28,08:03:36,2
C2,2022-11-28,08:03:36,2
C2,2022-11-28,08:03:36,2
C2,2022-11-28,08:03:37,2
C2,2022-11-28,08:03:37,2
C2,2022-11-28,08:03:37,2
C2,2022-11-28,08:03:37,2
C2,2022-11-28,08:03:37,2
C2,2022-11-28,08:03:37,2
C2,2022-11-28,08:03:37,2
C2,2022-11-28,08:03:38,2
C2,2022-11-28,08:03:38,2
C2,2022-11-28,08:03:38,2
C2,2022-11-28,08:03:38,2
C2,2022-11-28,08:03:38,2
C2,2022-11-28,08:03:38,2
C2,2022-11-28,08:03:38,2
C2,2022-11-28,08:03:38,3
C2,2022-11-28,08:03:39,3
C2,2022-11-28,08:03:39,3
C2,2022-11-28,08:03:39,3
C2,2022-11-28,08:03:39,3
C2,2022-11-28,08:03:39,3
C2,2022-11-28,08:03:39,1
C2,2022-11-28,08:03:39,1
C2,2022-11-28,08:03:40,1
C2,2022-11-28,08:03:40,1
C2,2022-11-28,08:03:40,1
C2,2022-11-28,08:03:40,1
C2,2022-11-28,08:03:40,2
C2,2022-11-28,08:03:40,2
C2,2022-11-28,08:03:41,1
C2,2022-11-28,08:03:41,2
C2,2022-11-28,08:03:41,2
C2,2022-11-28,08:03:41,2
C2,2022-11-28,08:03:41,2
C2,2022-11-28,08:03:41,2
C2,2022-11-28,08:03:42,2
C2,2022-11-28,08:03:42,2
C1,2022-11-28,08:13:58,2
C1,2022-11-28,08:13:58,2
C1,2022-11-28,08:13:59,2
C1,2022-11-28,08:13:59,2
C1,2022-11-28,08:13:59,2
C1,2022-11-28,08:13:59,2
C1,2022-11-28,08:13:59,2
C1,2022-11-28,08:13:59,2
C1,2022-11-28,08:13:59,2
C1,2022-11-28,08:13:59,2
C1,2022-11-28,08:14:00,2
C1,2022-11-28,08:14:00,2
C1,2022-11-28,08:14:00,2
C1,2022-11-28,08:14:00,2
C1,2022-11-28,08:14:00,2
C1,2022-11-28,08:14:00,2
C1,2022-11-28,08:14:01,2
C1,2022-11-28,08:14:01,2
C1,2022-11-28,08:14:01,2
C1,2022-11-28,08:14:01,3
C1,2022-11-28,08:14:01,3
C1,2022-11-28,08:14:01,3
C1,2022-11-28,08:14:01,3
C1,2022-11-28,08:14:01,3
C1,2022-11-28,08:14:02,3
C1,2022-11-28,08:14:02,3
C1,2022-11-28,08:14:02,3
C1,2022-11-28,08:14:02,3
C1,2022-11-28,08:14:03,3
C1,2022-11-28,08:14:03,3
C1,2022-11-28,08:14:03,3
C1,2022-11-28,08:14:04,3
C1,2022-11-28,08:14:04,3
C1,2022-11-28,08:14:04,3
C1,2022-11-28,08:14:04,3
C1,2022-11-28,08:14:04,3
C1,2022-11-28,08:14:04,3
C1,2022-11-28,08:14:04,3
C1,2022-11-28,08:14:04,3
C1,2022-11-28,08:14:05,3
C1,2022-11-28,08:14:05,3
C1,2022-11-28,08:14:05,3
C1,2022-11-28,08:14:05,3
C1,2022-11-28,08:14:05,3
C1,2022-11-28,08:14:05,3
C1,2022-11-28,08:14:05,3
C1,2022-11-28,08:14:06,3
C1,2022-11-28,08:14:06,3
C1,2022-11-28,08:14:06,3
C1,2022-11-28,08:14:06,3
C1,2022-11-28,08:14:06,3
C1,2022-11-28,08:14:06,3
C1,2022-11-28,08:14:06,3
C1,2022-11-28,08:14:07,3
C1,2022-11-28,08:14:07,3
C1,2022-11-28,08:14:07,3
C1,2022-11-28,08:14:07,3
C1,2022-11-28,08:14:07,3
C1,2022-11-28,08:14:07,3
C1,2022-11-28,08:14:07,3
C1,2022-11-28,08:14:07,3
C1,2022-11-28,08:14:08,3
C1,2022-11-28,08:14:08,3
C1,2022-11-28,08:14:08,3
C1,2022-11-28,08:14:08,3
C1,2022-11-28,08:14:08,3
C1,2022-11-28,08:14:08,3
C1,2022-11-28,08:14:09,3
C1,2022-11-28,08:14:09,3
C1,2022-11-28,08:14:09,3
C1,2022-11-28,08:14:09,3
C1,2022-11-28,08:14:09,3
C1,2022-11-28,08:14:09,3
C1,2022-11-28,08:14:09,3
C1,2022-11-28,08:14:10,3
C1,2022-11-28,08:14:10,3
C1,2022-11-28,08:14:10,3
C1,2022-11-28,08:14:10,3
C1,2022-11-28,08:14:10,3
C1,2022-11-28,08:14:10,3
C1,2022-11-28,08:14:10,3
C1,2022-11-28,08:14:10,3
C1,2022-11-28,08:14:11,3
C1,2022-11-28,08:14:11,3
C1,2022-11-28,08:14:11,3
C1,2022-11-28,08:14:11,3
C1,2022-11-28,08:14:11,3
C1,2022-11-28,08:14:11,3
C1,2022-11-28,08:14:11,3
C1,2022-11-28,08:14:12,3
C1,2022-11-28,08:14:12,3
C1,2022-11-28,08:14:12,3
C1,2022-11-28,08:14:12,3
C1,2022-11-28,08:14:12,3
C1,2022-11-28,08:14:12,3
C1,2022-11-28,08:14:12,3
C1,2022-11-28,08:14:12,3
C1,2022-11-28,08:14:13,3
C1,2022-11-28,08:14:13,3
C1,2022-11-28,08:14:13,3
C1,2022-11-28,08:14:13,3
C1,2022-11-28,08:14:13,3
C1,2022-11-28,08:14:13,3
C1,2022-11-28,08:14:13,3
C1,2022-11-28,08:14:14,3
C1,2022-11-28,08:14:14,3
C1,2022-11-28,08:14:14,3
C1,2022-11-28,08:14:14,3
C1,2022-11-28,08:14:14,3
C1,2022-11-28,08:14:14,3
C1,2022-11-28,08:14:14,3
C1,2022-11-28,08:14:15,3
C1,2022-11-28,08:14:15,3
C1,2022-11-28,08:14:15,3
C1,2022-11-28,08:14:15,3
C1,2022-11-28,08:14:15,1
C1,2022-11-28,08:14:16,1
C1,2022-11-28,08:14:16,1
C1,2022-11-28,08:14:16,1
C1,2022-11-28,08:14:16,2
C1,2022-11-28,08:14:17,1
C1,2022-11-28,08:14:17,1
C1,2022-11-28,08:14:17,1
C1,2022-11-28,08:14:17,1
C1,2022-11-28,08:14:17,1
C1,2022-11-28,08:14:17,1
C1,2022-11-28,08:14:17,1
C1,2022-11-28,08:14:18,1
C1,2022-11-28,08:14:18,1
C1,2022-11-28,08:14:18,1
C1,2022-11-28,08:14:18,1
C1,2022-11-28,08:14:18,1
C1,2022-11-28,08:14:18,2
C1,2022-11-28,08:14:18,2
C1,2022-11-28,08:14:19,2
C1,2022-11-28,08:14:19,2
C1,2022-11-28,08:14:19,2
C1,2022-11-28,08:14:19,2
C1,2022-11-28,08:14:19,2
C1,2022-11-28,08:14:19,2
C1,2022-11-28,08:14:19,2
C1,2022-11-28,08:14:32,2
C1,2022-11-28,08:14:32,2
C1,2022-11-28,08:14:33,2
C1,2022-11-28,08:14:33,2
C1,2022-11-28,08:14:33,2
C1,2022-11-28,08:14:33,2
C1,2022-11-28,08:14:33,2
C1,2022-11-28,08:14:33,2
C1,2022-11-28,08:14:34,2
C1,2022-11-28,08:14:34,2
C1,2022-11-28,08:14:34,2
C1,2022-11-28,08:14:34,2
C1,2022-11-28,08:14:34,2
C1,2022-11-28,08:14:34,2
C1,2022-11-28,08:14:34,2
C1,2022-11-28,08:14:35,2
C1,2022-11-28,08:14:35,2
C1,2022-11-28,08:14:35,2
C1,2022-11-28,08:14:35,2
C1,2022-11-28,08:14:35,3
C1,2022-11-28,08:14:35,3
C1,2022-11-28,08:14:35,1
C1,2022-11-28,08:14:36,2
C1,2022-11-28,08:14:36,2
C1,2022-11-28,08:14:36,2
C1,2022-11-28,08:14:36,2
C1,2022-11-28,08:14:36,2
C1,2022-11-28,08:14:36,2
C1,2022-11-28,08:14:36,2
C1,2022-11-28,08:14:37,2
C1,2022-11-28,08:14:37,2
C1,2022-11-28,08:14:37,2
C1,2022-11-28,08:14:37,2
C1,2022-11-28,08:14:37,2
C1,2022-11-28,08:14:37,2
C1,2022-11-28,08:14:37,2
C1,2022-11-28,08:14:38,2
C1,2022-11-28,08:14:38,2
C1,2022-11-28,08:14:38,2
C1,2022-11-28,08:14:38,1
C1,2022-11-28,08:14:38,2
C1,2022-11-28,08:14:38,2
C1,2022-11-28,08:14:38,2
C1,2022-11-28,08:14:39,2
C1,2022-11-28,08:14:39,2
C1,2022-11-28,08:14:39,2
C1,2022-11-28,08:14:39,2
C1,2022-11-28,08:14:39,2
C1,2022-11-28,08:14:39,2
C1,2022-11-28,08:14:39,2
C1,2022-11-28,08:14:40,1
C1,2022-11-28,08:14:41,1
C1,2022-11-28,08:14:41,1
C1,2022-11-28,08:14:41,1
C1,2022-11-28,08:14:41,1
C1,2022-11-28,08:14:41,1
C1,2022-11-28,08:14:41,1
C1,2022-11-28,08:14:41,1
C1,2022-11-28,08:14:42,1
C1,2022-11-28,08:14:42,1
C1,2022-11-28,08:14:42,1
C1,2022-11-28,08:14:42,1
C1,2022-11-28,08:14:42,1
C1,2022-11-28,08:14:42,1
C1,2022-11-28,08:14:43,1
C1,2022-11-28,08:14:43,1
C1,2022-11-28,08:14:43,1
C1,2022-11-28,08:14:43,1
C1,2022-11-28,08:14:43,1
C1,2022-11-28,08:14:43,1
C1,2022-11-28,08:14:43,1
C1,2022-11-28,08:14:43,1
C1,2022-11-28,08:14:44,2
C1,2022-11-28,08:14:44,2
C1,2022-11-28,08:14:44,2
C1,2022-11-28,08:14:44,2
C1,2022-11-28,08:14:44,2
C1,2022-11-28,08:14:44,1
C1,2022-11-28,08:14:45,1
C1,2022-11-28,08:14:45,1
C1,2022-11-28,08:14:45,1
C1,2022-11-28,08:14:45,1
C1,2022-11-28,08:14:45,1
C1,2022-11-28,08:14:45,1
C1,2022-11-28,08:14:45,1
C1,2022-11-28,08:14:45,1
C1,2022-11-28,08:14:46,1
C1,2022-11-28,08:14:46,1
C1,2022-11-28,08:14:46,1
C1,2022-11-28,08:14:46,1
C1,2022-11-28,08:14:46,1
C1,2022-11-28,08:14:46,1
C1,2022-11-28,08:14:46,1
C1,2022-11-28,08:14:46,2
C1,2022-11-28,08:14:47,2
C1,2022-11-28,08:14:47,2
C1,2022-11-28,08:14:47,2
C1,2022-11-28,08:14:47,2
C1,2022-11-28,08:14:47,2
C1,2022-11-28,08:14:47,2
C1,2022-11-28,08:14:48,1
C1,2022-11-28,08:14:48,1
C1,2022-11-28,08:14:48,1
C1,2022-11-28,08:14:48,1
C1,2022-11-28,08:14:48,1
C1,2022-11-28,08:14:48,1
C1,2022-11-28,08:14:48,1
C1,2022-11-28,08:14:48,1
C1,2022-11-28,08:14:49,1
C1,2022-11-28,08:14:49,1
C1,2022-11-28,08:14:49,1
C1,2022-11-28,08:14:49,1
C1,2022-11-28,08:14:49,1
C1,2022-11-28,08:14:49,1
C1,2022-11-28,08:14:49,2
C1,2022-11-28,08:14:50,2
C1,2022-11-28,08:14:50,2
C1,2022-11-28,08:14:50,2
C1,2022-11-28,08:14:50,2
C1,2022-11-28,08:14:50,2
C1,2022-11-28,08:14:50,2
C1,2022-11-28,08:14:50,2
C1,2022-11-28,08:14:51,2
C1,2022-11-28,08:14:51,2
C1,2022-11-28,08:14:51,2
C1,2022-11-28,08:15:21,2
C1,2022-11-28,08:15:21,2
C1,2022-11-28,08:15:21,2
C1,2022-11-28,08:15:21,2
C1,2022-11-28,08:15:21,2
C1,2022-11-28,08:15:21,2
C1,2022-11-28,08:15:21,2
C1,2022-11-28,08:15:22,2
C1,2022-11-28,08:15:22,2
C1,2022-11-28,08:15:22,2
C1,2022-11-28,08:15:22,2
C1,2022-11-28,08:15:22,2
C1,2022-11-28,08:15:22,2
C1,2022-11-28,08:15:22,2
C1,2022-11-28,08:15:23,2
C1,2022-11-28,08:15:23,2
C1,2022-11-28,08:15:23,2
C1,2022-11-28,08:15:23,2
C1,2022-11-28,08:15:23,2
C1,2022-11-28,08:15:23,3
C1,2022-11-28,08:15:23,3
C1,2022-11-28,08:15:23,3
C1,2022-11-28,08:15:24,3
C1,2022-11-28,08:15:24,3
C1,2022-11-28,08:15:24,3
C1,2022-11-28,08:15:24,3
C1,2022-11-28,08:15:24,3
C1,2022-11-28,08:15:24,3
C1,2022-11-28,08:15:24,3
C1,2022-11-28,08:15:25,3
C1,2022-11-28,08:15:25,3
C1,2022-11-28,08:15:25,3
C1,2022-11-28,08:15:25,3
C1,2022-11-28,08:15:25,3
C1,2022-11-28,08:15:25,3
C1,2022-11-28,08:15:25,3
C1,2022-11-28,08:15:26,3
C1,2022-11-28,08:15:26,3
C1,2022-11-28,08:15:26,3
C1,2022-11-28,08:15:26,3
C1,2022-11-28,08:15:26,3
C1,2022-11-28,08:15:26,3
C1,2022-11-28,08:15:26,3
C1,2022-11-28,08:15:26,3
C1,2022-11-28,08:15:27,3
C1,2022-11-28,08:15:27,3
C1,2022-11-28,08:15:27,3
C1,2022-11-28,08:15:27,3
C1,2022-11-28,08:15:27,3
C1,2022-11-28,08:15:27,3
C1,2022-11-28,08:15:27,3
C1,2022-11-28,08:15:28,3
C1,2022-11-28,08:15:28,3
C1,2022-11-28,08:15:28,3
C1,2022-11-28,08:15:28,3
C1,2022-11-28,08:15:28,3
C1,2022-11-28,08:15:28,3
C1,2022-11-28,08:15:29,3
C1,2022-11-28,08:15:29,3
C1,2022-11-28,08:15:29,3
C1,2022-11-28,08:15:29,3
C1,2022-11-28,08:15:30,3
C1,2022-11-28,08:15:30,3
C1,2022-11-28,08:15:30,3
C1,2022-11-28,08:15:31,3
C1,2022-11-28,08:15:31,3
C1,2022-11-28,08:15:31,3
C1,2022-11-28,08:15:31,3
C1,2022-11-28,08:15:31,3
C1,2022-11-28,08:15:31,3
C1,2022-11-28,08:15:31,3
C1,2022-11-28,08:15:31,3
C1,2022-11-28,08:15:32,1
C1,2022-11-28,08:15:32,1
C1,2022-11-28,08:15:32,1
C1,2022-11-28,08:15:32,1
C1,2022-11-28,08:15:32,2
C1,2022-11-28,08:15:32,2
C1,2022-11-28,08:15:32,2
C1,2022-11-28,08:15:33,2
C1,2022-11-28,08:15:33,1
C1,2022-11-28,08:15:33,2
C1,2022-11-28,08:15:33,2
C1,2022-11-28,08:15:33,2
C1,2022-11-28,08:15:33,2
C1,2022-11-28,08:15:33,2
C1,2022-11-28,08:15:34,2
C1,2022-11-28,08:15:34,2
C1,2022-11-28,08:15:34,2
C1,2022-11-28,08:15:34,2
C1,2022-11-28,08:15:35,2
C1,2022-11-28,08:15:35,2
C1,2022-11-28,08:15:36,2
C1,2022-11-28,08:15:36,2
C1,2022-11-28,08:15:36,2
C1,2022-11-28,08:15:36,2
C1,2022-11-28,08:15:36,2
C1,2022-11-28,08:15:36,2
C1,2022-11-28,08:15:38,2
C1,2022-11-28,08:15:38,2
C1,2022-11-28,08:15:38,3
C1,2022-11-28,08:15:38,3
C1,2022-11-28,08:15:38,3
C1,2022-11-28,08:15:38,3
C1,2022-11-28,08:15:39,3
C1,2022-11-28,08:15:39,3
C1,2022-11-28,08:15:39,3
C1,2022-11-28,08:15:39,1
C1,2022-11-28,08:15:39,2
C1,2022-11-28,08:15:39,2
C1,2022-11-28,08:15:39,2
C1,2022-11-28,08:15:40,2
C1,2022-11-28,08:15:40,1
C1,2022-11-28,08:15:40,2
C1,2022-11-28,08:15:40,1
C1,2022-11-28,08:15:40,2
C1,2022-11-28,08:15:40,2
C1,2022-11-28,08:15:40,2
C1,2022-11-28,08:15:41,2
C1,2022-11-28,08:15:41,1
C1,2022-11-28,08:15:41,1
C1,2022-11-28,08:15:41,2
C1,2022-11-28,08:15:41,1
C1,2022-11-28,08:15:42,2
C1,2022-11-28,08:15:42,2
C1,2022-11-28,08:15:42,1
C1,2022-11-28,08:15:42,1
C1,2022-11-28,08:15:42,2
C1,2022-11-28,08:15:42,2
C1,2022-11-28,08:15:42,2
C1,2022-11-28,08:15:42,2
C1,2022-11-28,08:15:43,1
C1,2022-11-28,08:15:43,2
C1,2022-11-28,08:15:47,2
C1,2022-11-28,08:15:47,2
C1,2022-11-28,08:15:47,2
C1,2022-11-28,08:15:47,2
C1,2022-11-28,08:15:47,2
C1,2022-11-28,08:15:48,2
C1,2022-11-28,08:15:49,1
C1,2022-11-28,08:15:49,1
C1,2022-11-28,08:15:49,2
C1,2022-11-28,08:15:49,2
C1,2022-11-28,08:15:49,1
C1,2022-11-28,08:15:50,1
C1,2022-11-28,08:15:50,1
C1,2022-11-28,08:15:50,1
C1,2022-11-28,08:15:50,2
C1,2022-11-28,08:15:50,1
C1,2022-11-28,08:15:51,1
C1,2022-11-28,08:15:51,1
C1,2022-11-28,08:15:51,2
C1,2022-11-28,08:15:51,2
C1,2022-11-28,08:15:51,2
C1,2022-11-28,08:15:51,2
C1,2022-11-28,08:17:14,2
C1,2022-11-28,08:17:15,2
C1,2022-11-28,08:17:15,2
C1,2022-11-28,08:17:15,2
C1,2022-11-28,08:17:15,2
C1,2022-11-28,08:17:15,2
C1,2022-11-28,08:17:15,2
C1,2022-11-28,08:17:15,2
C1,2022-11-28,08:17:16,2
C1,2022-11-28,08:17:16,2
C1,2022-11-28,08:17:16,2
C1,2022-11-28,08:17:16,2
C1,2022-11-28,08:17:16,2
C1,2022-11-28,08:17:16,2
C1,2022-11-28,08:17:16,2
C1,2022-11-28,08:17:17,2
C1,2022-11-28,08:17:17,2
C1,2022-11-28,08:17:17,2
C1,2022-11-28,08:17:17,2
C1,2022-11-28,08:17:17,3
C1,2022-11-28,08:17:17,3
C1,2022-11-28,08:17:17,3
C1,2022-11-28,08:17:18,3
C1,2022-11-28,08:17:18,3
C1,2022-11-28,08:17:18,3
C1,2022-11-28,08:17:18,3
C1,2022-11-28,08:17:18,3
C1,2022-11-28,08:17:18,3
C1,2022-11-28,08:17:18,3
C1,2022-11-28,08:17:19,3
C1,2022-11-28,08:17:19,3
C1,2022-11-28,08:17:19,3
C1,2022-11-28,08:17:19,3
C1,2022-11-28,08:17:19,3
C1,2022-11-28,08:17:19,3
C1,2022-11-28,08:17:19,3
C1,2022-11-28,08:17:19,3
C1,2022-11-28,08:17:20,3
C1,2022-11-28,08:17:20,1
C1,2022-11-28,08:17:20,2
C1,2022-11-28,08:17:20,2
C1,2022-11-28,08:17:20,2
C1,2022-11-28,08:17:21,2
C1,2022-11-28,08:17:21,2
C1,2022-11-28,08:17:21,2
C1,2022-11-28,08:17:21,2
C1,2022-11-28,08:17:21,2
C1,2022-11-28,08:17:21,2
C1,2022-11-28,08:17:21,2
C1,2022-11-28,08:17:21,2
C1,2022-11-28,08:17:22,2
C1,2022-11-28,08:17:22,2
C1,2022-11-28,08:17:22,2
C1,2022-11-28,08:17:22,2
C1,2022-11-28,08:17:22,2
C1,2022-11-28,08:17:22,2
C1,2022-11-28,08:17:22,2
C1,2022-11-28,08:17:22,2
C1,2022-11-28,08:17:23,3
C1,2022-11-28,08:17:23,3
C1,2022-11-28,08:17:23,3
C1,2022-11-28,08:17:23,3
C1,2022-11-28,08:17:23,3
C1,2022-11-28,08:17:23,3
C1,2022-11-28,08:17:23,3
C1,2022-11-28,08:17:24,3
C1,2022-11-28,08:17:24,3
C1,2022-11-28,08:17:24,3
C1,2022-11-28,08:17:24,3
C1,2022-11-28,08:17:24,3
C1,2022-11-28,08:17:24,1
C1,2022-11-28,08:17:24,1
C1,2022-11-28,08:17:25,1
C1,2022-11-28,08:17:25,1
C1,2022-11-28,08:17:25,1
C1,2022-11-28,08:17:25,2
C1,2022-11-28,08:17:25,2
C1,2022-11-28,08:17:25,1
C1,2022-11-28,08:17:25,2
C1,2022-11-28,08:17:25,2
C1,2022-11-28,08:17:26,2
C1,2022-11-28,08:17:26,2
C1,2022-11-28,08:17:26,2
C1,2022-11-28,08:17:26,2
C1,2022-11-28,08:17:26,2
C1,2022-11-28,08:17:26,2
C1,2022-11-28,08:17:27,2
C1,2022-11-28,08:17:27,1
C1,2022-11-28,08:17:27,1
C1,2022-11-28,08:17:27,1
C1,2022-11-28,08:17:27,1
C1,2022-11-28,08:17:27,2
C1,2022-11-28,08:17:27,2
C1,2022-11-28,08:17:27,2
C1,2022-11-28,08:17:28,2
C1,2022-11-28,08:17:28,2
C1,2022-11-28,08:17:28,2
C1,2022-11-28,08:17:28,2
C1,2022-11-28,08:17:28,2
C1,2022-11-28,08:17:28,2
C1,2022-11-28,08:17:28,2
C1,2022-11-28,08:17:29,2
C1,2022-11-28,08:17:29,2
C1,2022-11-28,08:17:29,2
C1,2022-11-28,08:17:29,2
C1,2022-11-28,08:17:29,2
C1,2022-11-28,08:17:29,2
C1,2022-11-28,08:17:29,2
C1,2022-11-28,08:17:30,2
C1,2022-11-28,08:17:30,2
C1,2022-11-28,08:17:30,3
C1,2022-11-28,08:17:30,3
C1,2022-11-28,08:17:30,3
C1,2022-11-28,08:17:30,3
C1,2022-11-28,08:17:30,3
C1,2022-11-28,08:17:30,3
C1,2022-11-28,08:17:31,3
C1,2022-11-28,08:17:31,1
C1,2022-11-28,08:17:31,1
C1,2022-11-28,08:17:31,1
C1,2022-11-28,08:17:31,1
C1,2022-11-28,08:17:31,2
C1,2022-11-28,08:17:31,1
C1,2022-11-28,08:17:32,1
C1,2022-11-28,08:17:32,2
C1,2022-11-28,08:17:32,2
C1,2022-11-28,08:17:32,1
C1,2022-11-28,08:17:32,1
C1,2022-11-28,08:17:32,2
C1,2022-11-28,08:17:32,1
C1,2022-11-28,08:17:32,1
C1,2022-11-28,08:17:33,1
C1,2022-11-28,08:17:33,2
C1,2022-11-28,08:17:33,2
C1,2022-11-28,08:17:33,2
C1,2022-11-28,08:17:33,2
C1,2022-11-28,08:17:33,2
C1,2022-11-28,08:17:33,2
C1,2022-11-28,08:17:34,2
C1,2022-11-28,08:17:34,2
C1,2022-11-28,08:17:34,2
C1,2022-11-28,08:17:34,2
C1,2022-11-28,08:17:34,2
C1,2022-11-28,08:17:34,2
C1,2022-11-28,08:17:34,2
C1,2022-11-28,08:17:35,2
C1,2022-11-28,08:17:35,2
C1,2022-11-28,08:17:35,2
C1,2022-11-28,08:17:35,2
C1,2022-11-28,08:17:35,2
C1,2022-11-28,08:17:35,2
C1,2022-11-28,08:17:35,3
C1,2022-11-28,08:17:35,3
C1,2022-11-28,08:17:36,3
C1,2022-11-28,08:17:36,3
C1,2022-11-28,08:17:36,3
C1,2022-11-28,08:17:36,1
C1,2022-11-28,08:17:36,1
C1,2022-11-28,08:17:36,1
C1,2022-11-28,08:17:36,1
C1,2022-11-28,08:17:37,1
C1,2022-11-28,08:17:37,1
C1,2022-11-28,08:17:37,1
C1,2022-11-28,08:17:37,1
C1,2022-11-28,08:17:37,1
C1,2022-11-28,08:17:37,2
C1,2022-11-28,08:17:37,2
C1,2022-11-28,08:17:37,2
C1,2022-11-28,08:17:38,2
C1,2022-11-28,08:17:38,2
C1,2022-11-28,08:17:38,2
C1,2022-11-28,08:17:38,2
C1,2022-11-28,08:17:38,2
C1,2022-11-28,08:17:38,2
C1,2022-11-28,08:17:38,2
C1,2022-11-28,08:17:38,2
C1,2022-11-28,08:17:39,2
C1,2022-11-28,08:17:39,2
C1,2022-11-28,08:17:40,1
C1,2022-11-28,08:17:40,1
C1,2022-11-28,08:17:40,2
C1,2022-11-28,08:17:40,2
C1,2022-11-28,08:17:40,1
C1,2022-11-28,08:17:40,1
C1,2022-11-28,08:17:40,2
C1,2022-11-28,08:17:40,2
C1,2022-11-28,08:17:41,2
C1,2022-11-28,08:17:41,2
C1,2022-11-28,08:17:41,2
C1,2022-11-28,08:17:41,2
C1,2022-11-28,08:17:41,2
C1,2022-11-28,08:17:41,2
C1,2022-11-28,08:17:41,2
C1,2022-11-28,08:17:42,2
C1,2022-11-28,08:17:42,2
C1,2022-11-28,08:17:42,2
C1,2022-11-28,08:17:42,2
C1,2022-11-28,08:17:42,2
C1,2022-11-28,08:17:42,1
C1,2022-11-28,08:17:43,1
C1,2022-11-28,08:17:43,1
C1,2022-11-28,08:17:43,1
C1,2022-11-28,08:17:43,1
C1,2022-11-28,08:17:44,1
C1,2022-11-28,08:17:44,2
C1,2022-11-28,08:17:44,2
C1,2022-11-28,08:17:44,2
C1,2022-11-28,08:17:44,2
C1,2022-11-28,08:17:44,2
C1,2022-11-28,08:17:45,2
C1,2022-11-28,08:17:45,2
C1,2022-11-28,08:17:45,2
C1,2022-11-28,08:17:45,1
C1,2022-11-28,08:17:46,1
C1,2022-11-28,08:17:46,1
C1,2022-11-28,08:17:46,2
C1,2022-11-28,08:17:46,2
C1,2022-11-28,08:17:46,1
C1,2022-11-28,08:17:46,2
C1,2022-11-28,08:17:46,2
C1,2022-11-28,08:17:46,2
C1,2022-11-28,08:17:47,1
C1,2022-11-28,08:17:47,1
C1,2022-11-28,08:17:47,2
C1,2022-11-28,08:17:47,2
C1,2022-11-28,08:17:47,2
C1,2022-11-28,08:17:47,2
C1,2022-11-28,08:17:47,2
C1,2022-11-28,08:17:47,2
C1,2022-11-28,08:17:48,2
C1,2022-11-28,08:17:48,2
C1,2022-11-28,08:17:48,2
C1,2022-11-28,08:17:48,2
C1,2022-11-28,08:17:48,2
C1,2022-11-28,08:17:49,2
C1,2022-11-28,08:17:49,2
C1,2022-11-28,08:17:49,1
C1,2022-11-28,08:17:49,2
C1,2022-11-28,08:17:49,2
C1,2022-11-28,08:17:49,2
C1,2022-11-28,08:17:49,2
C1,2022-11-28,08:17:49,2
C1,2022-11-28,08:17:50,2
C1,2022-11-28,08:17:50,2
C1,2022-11-28,08:17:50,2
C1,2022-11-28,08:17:50,2
C1,2022-11-28,08:17:50,2
C1,2022-11-28,08:17:50,2
C1,2022-11-28,08:17:50,1
C1,2022-11-28,08:17:50,2
C1,2022-11-28,08:17:51,2
C1,2022-11-28,08:17:51,2
C1,2022-11-28,08:17:51,2
C1,2022-11-28,08:17:51,1
C1,2022-11-28,08:17:51,1
C1,2022-11-28,08:17:51,2
C1,2022-11-28,08:17:52,1
C1,2022-11-28,08:17:52,2
C1,2022-11-28,08:17:52,1
C1,2022-11-28,08:17:52,1
C1,2022-11-28,08:17:52,1
C1,2022-11-28,08:17:52,1
C1,2022-11-28,08:17:52,1
C1,2022-11-28,08:17:52,2
C1,2022-11-28,08:17:53,2
C1,2022-11-28,08:17:53,2
C1,2022-11-28,08:17:53,2
C1,2022-11-28,08:17:53,2
C1,2022-11-28,08:17:53,2
C1,2022-11-28,08:17:53,2
C1,2022-11-28,08:17:53,2
C1,2022-11-28,08:17:54,2
C1,2022-11-28,08:17:54,2
C1,2022-11-28,08:17:54,2
C1,2022-11-28,08:17:54,2
C1,2022-11-28,08:17:54,2
C1,2022-11-28,08:17:54,2
C1,2022-11-28,08:17:54,2
C1,2022-11-28,08:23:07,1
C1,2022-11-28,08:23:07,1
C1,2022-11-28,08:23:07,2
C1,2022-11-28,08:23:08,2
C1,2022-11-28,08:23:08,2
C1,2022-11-28,08:23:08,2
C1,2022-11-28,08:23:08,2
C1,2022-11-28,08:23:08,2
C1,2022-11-28,08:23:08,2
C1,2022-11-28,08:23:09,2
C1,2022-11-28,08:23:09,2
C1,2022-11-28,08:23:09,2
C1,2022-11-28,08:23:09,2
C1,2022-11-28,08:23:09,2
C1,2022-11-28,08:23:09,2
C1,2022-11-28,08:23:10,2
C1,2022-11-28,08:23:10,2
C1,2022-11-28,08:23:10,2
C1,2022-11-28,08:23:10,2
C1,2022-11-28,08:23:10,2
C1,2022-11-28,08:23:10,2
C1,2022-11-28,08:23:10,3
C1,2022-11-28,08:23:10,3
C1,2022-11-28,08:23:11,3
C1,2022-11-28,08:23:11,3
C1,2022-11-28,08:23:11,3
C1,2022-11-28,08:23:11,1
C1,2022-11-28,08:23:11,1
C1,2022-11-28,08:23:11,1
C1,2022-11-28,08:23:11,1
C1,2022-11-28,08:23:12,1
C1,2022-11-28,08:23:12,1
C1,2022-11-28,08:23:12,1
C1,2022-11-28,08:23:12,1
C1,2022-11-28,08:23:12,1
C1,2022-11-28,08:23:12,1
C1,2022-11-28,08:23:12,1
C1,2022-11-28,08:23:13,1
C1,2022-11-28,08:23:13,1
C1,2022-11-28,08:23:13,1
C1,2022-11-28,08:23:13,1
C1,2022-11-28,08:23:13,1
C1,2022-11-28,08:23:13,2
C1,2022-11-28,08:23:13,2
C1,2022-11-28,08:23:13,2
C1,2022-11-28,08:23:14,1
C1,2022-11-28,08:23:14,2
C1,2022-11-28,08:23:14,2
C1,2022-11-28,08:23:14,2
C1,2022-11-28,08:23:14,2
C1,2022-11-28,08:23:14,2
C1,2022-11-28,08:23:14,2
C1,2022-11-28,08:23:14,2
C1,2022-11-28,08:23:15,2
C1,2022-11-28,08:23:15,2
C1,2022-11-28,08:23:15,2
C1,2022-11-28,08:23:15,2
C1,2022-11-28,08:23:15,1
C1,2022-11-28,08:23:15,1
C1,2022-11-28,08:23:15,2
C1,2022-11-28,08:23:16,2
C1,2022-11-28,08:23:16,2
C1,2022-11-28,08:23:16,2
C1,2022-11-28,08:23:16,2
C1,2022-11-28,08:23:16,2
C1,2022-11-28,08:23:16,1
C1,2022-11-28,08:23:16,2
C1,2022-11-28,08:23:17,2
C1,2022-11-28,08:23:17,2
C1,2022-11-28,08:23:17,2
C1,2022-11-28,08:23:17,2
C1,2022-11-28,08:23:17,2
C1,2022-11-28,08:23:17,2
C1,2022-11-28,08:23:17,2
C1,2022-11-28,08:23:17,2
C1,2022-11-28,08:23:18,2
C1,2022-11-28,08:23:18,2
C1,2022-11-28,08:23:18,2
C1,2022-11-28,08:23:18,2
C1,2022-11-28,08:23:18,2
C1,2022-11-28,08:23:18,2
C1,2022-11-28,08:23:18,2
C1,2022-11-28,08:23:19,2
C1,2022-11-28,08:23:19,2
C1,2022-11-28,08:23:19,2
C1,2022-11-28,08:23:19,3
C1,2022-11-28,08:23:19,3
C1,2022-11-28,08:23:19,3
C1,2022-11-28,08:23:19,3
C1,2022-11-28,08:23:20,3
C1,2022-11-28,08:23:20,3
C1,2022-11-28,08:23:20,1
C1,2022-11-28,08:23:20,1
C1,2022-11-28,08:23:20,1
C1,2022-11-28,08:23:20,2
C1,2022-11-28,08:23:20,1
C1,2022-11-28,08:23:20,1
C1,2022-11-28,08:23:21,1
C1,2022-11-28,08:23:21,1
C1,2022-11-28,08:23:21,1
C1,2022-11-28,08:23:21,1
C1,2022-11-28,08:23:21,1
C1,2022-11-28,08:23:21,1
C1,2022-11-28,08:23:21,2
C1,2022-11-28,08:23:21,2
C1,2022-11-28,08:23:22,1
C1,2022-11-28,08:23:22,2
C1,2022-11-28,08:23:22,2
C1,2022-11-28,08:23:22,2
C1,2022-11-28,08:23:22,2
C1,2022-11-28,08:23:22,2
C1,2022-11-28,08:23:22,2
C1,2022-11-28,08:23:23,2
C1,2022-11-28,08:23:23,2
C1,2022-11-28,08:23:23,2
C1,2022-11-28,08:23:23,2
C1,2022-11-28,08:23:23,2
C1,2022-11-28,08:23:23,2
C1,2022-11-28,08:23:23,2
C1,2022-11-28,08:23:24,2
C1,2022-11-28,08:23:24,2
C1,2022-11-28,08:23:24,2
C1,2022-11-28,08:23:24,2
C1,2022-11-28,08:23:24,2
C1,2022-11-28,08:23:24,2
C1,2022-11-28,08:23:24,3
C1,2022-11-28,08:23:24,3
C1,2022-11-28,08:23:25,3
C1,2022-11-28,08:23:25,3
C1,2022-11-28,08:23:25,3
C1,2022-11-28,08:23:25,3
C1,2022-11-28,08:23:25,3
C1,2022-11-28,08:23:25,3
C1,2022-11-28,08:23:25,3
C1,2022-11-28,08:23:26,1
C1,2022-11-28,08:23:26,1
C1,2022-11-28,08:23:26,1
C1,2022-11-28,08:23:26,1
C1,2022-11-28,08:23:26,2
C1,2022-11-28,08:23:26,1
C1,2022-11-28,08:23:26,1
C1,2022-11-28,08:23:27,1
C1,2022-11-28,08:23:27,2
C1,2022-11-28,08:23:27,2
C1,2022-11-28,08:23:27,2
C1,2022-11-28,08:23:27,2
C1,2022-11-28,08:23:27,1
C1,2022-11-28,08:23:27,1
C1,2022-11-28,08:23:27,1
C1,2022-11-28,08:23:28,1
C1,2022-11-28,08:23:28,1
C1,2022-11-28,08:23:28,1
C1,2022-11-28,08:23:28,1
C1,2022-11-28,08:23:29,2
C1,2022-11-28,08:23:29,2
C1,2022-11-28,08:23:29,2
C1,2022-11-28,08:23:29,2
C1,2022-11-28,08:23:29,2
C1,2022-11-28,08:23:29,2
C1,2022-11-28,08:23:29,2
C1,2022-11-28,08:23:30,2
C1,2022-11-28,08:23:30,2
C1,2022-11-28,08:23:30,2
C1,2022-11-28,08:23:30,2
C1,2022-11-28,08:23:30,2
C1,2022-11-28,08:23:30,2
C1,2022-11-28,08:23:30,2
C1,2022-11-28,08:23:30,2
C1,2022-11-28,08:23:31,2
C1,2022-11-28,08:23:31,2
C1,2022-11-28,08:23:31,2
C1,2022-11-28,08:23:31,2
C1,2022-11-28,08:23:31,3
C1,2022-11-28,08:23:31,3
C1,2022-11-28,08:23:31,3
C1,2022-11-28,08:23:32,3
C1,2022-11-28,08:23:32,3
C1,2022-11-28,08:23:32,3
C1,2022-11-28,08:23:32,3
C1,2022-11-28,08:23:32,3
C1,2022-11-28,08:23:32,3
C1,2022-11-28,08:23:32,3
C1,2022-11-28,08:23:32,3
C1,2022-11-28,08:23:33,3
C1,2022-11-28,08:23:33,3
C1,2022-11-28,08:23:33,3
C1,2022-11-28,08:23:33,3
C1,2022-11-28,08:23:33,3
C1,2022-11-28,08:23:33,3
C1,2022-11-28,08:23:33,3
C1,2022-11-28,08:23:33,3
C1,2022-11-28,08:23:34,3
C1,2022-11-28,08:23:34,3
C1,2022-11-28,08:23:34,3
C1,2022-11-28,08:23:34,3
C1,2022-11-28,08:23:34,3
C1,2022-11-28,08:23:34,1
C1,2022-11-28,08:23:35,1
C1,2022-11-28,08:23:35,2
C1,2022-11-28,08:23:35,1
C1,2022-11-28,08:23:35,1
C1,2022-11-28,08:23:35,1
C1,2022-11-28,08:23:35,1
C1,2022-11-28,08:23:35,2
C1,2022-11-28,08:23:35,2
C1,2022-11-28,08:23:36,2
C1,2022-11-28,08:23:36,2
C1,2022-11-28,08:23:36,2
C1,2022-11-28,08:23:36,2
C1,2022-11-28,08:23:36,2
C1,2022-11-28,08:23:36,2
C1,2022-11-28,08:23:36,2
C1,2022-11-28,08:23:36,2
C1,2022-11-28,08:23:37,2
C1,2022-11-28,08:23:37,2
C1,2022-11-28,08:23:37,2
C1,2022-11-28,08:23:37,2
C1,2022-11-28,08:23:37,1
C1,2022-11-28,08:23:38,2
C1,2022-11-28,08:23:38,2
C1,2022-11-28,08:23:38,2
C1,2022-11-28,08:23:38,2
C1,2022-11-28,08:23:38,2
C1,2022-11-28,08:23:38,2
C1,2022-11-28,08:23:38,2
C1,2022-11-28,08:23:38,2
C1,2022-11-28,08:23:39,2
C1,2022-11-28,08:23:39,2
C1,2022-11-28,08:23:39,2
C1,2022-11-28,08:23:39,2
C1,2022-11-28,08:23:39,2
C1,2022-11-28,08:23:39,2
C1,2022-11-28,08:23:39,2
C1,2022-11-28,08:23:40,2
C1,2022-11-28,08:23:40,2
C1,2022-11-28,08:23:40,2
C1,2022-11-28,08:23:40,2
C1,2022-11-28,08:23:40,3
C1,2022-11-28,08:23:40,3
C1,2022-11-28,08:23:40,3
C1,2022-11-28,08:23:40,3
C1,2022-11-28,08:23:41,3
C1,2022-11-28,08:23:41,1
C1,2022-11-28,08:23:41,2
C1,2022-11-28,08:23:41,2
C1,2022-11-28,08:23:41,2
C1,2022-11-28,08:23:41,2
C1,2022-11-28,08:23:42,2
C1,2022-11-28,08:23:42,2
C1,2022-11-28,08:23:42,2
C1,2022-11-28,08:23:42,2
C1,2022-11-28,08:23:42,2
C1,2022-11-28,08:23:42,2
C1,2022-11-28,08:23:42,2
C1,2022-11-28,08:23:43,2
C1,2022-11-28,08:23:43,2
C1,2022-11-28,08:23:43,2
C1,2022-11-28,08:23:43,2
C1,2022-11-28,08:23:43,2
C1,2022-11-28,08:23:43,2
C1,2022-11-28,08:23:44,2
C1,2022-11-28,08:23:44,2
C1,2022-11-28,08:23:44,3
C1,2022-11-28,08:23:44,3
C1,2022-11-28,08:23:44,3
C1,2022-11-28,08:23:44,3
C1,2022-11-28,08:23:44,3
C1,2022-11-28,08:23:45,3
C1,2022-11-28,08:23:45,3
C1,2022-11-28,08:23:45,3
C1,2022-11-28,08:23:45,3
C1,2022-11-28,08:23:45,3
C1,2022-11-28,08:23:45,3
C1,2022-11-28,08:23:45,3
C1,2022-11-28,08:23:46,3
C1,2022-11-28,08:23:46,3
C1,2022-11-28,08:23:46,3
C1,2022-11-28,08:23:46,3
C1,2022-11-28,08:23:46,3
C1,2022-11-28,08:23:46,3
C1,2022-11-28,08:23:46,3
C1,2022-11-28,08:23:46,3
C1,2022-11-28,08:23:47,3
C1,2022-11-28,08:23:47,3
C1,2022-11-28,08:23:47,3
C1,2022-11-28,08:23:47,1
C1,2022-11-28,08:23:47,2
C1,2022-11-28,08:23:47,2
C1,2022-11-28,08:23:47,2
C1,2022-11-28,08:23:48,2
C1,2022-11-28,08:23:48,2
C1,2022-11-28,08:23:48,2
C1,2022-11-28,08:23:48,2
C1,2022-11-28,08:23:48,2
C1,2022-11-28,08:23:48,2
C1,2022-11-28,08:23:48,2
C1,2022-11-28,08:23:49,2
C1,2022-11-28,08:23:49,2
C1,2022-11-28,08:23:49,2
C1,2022-11-28,08:23:49,2
C1,2022-11-28,08:23:49,2
C1,2022-11-28,08:23:49,2
C1,2022-11-28,08:23:49,2
C1,2022-11-28,08:23:49,2
C1,2022-11-28,08:23:50,2
C1,2022-11-28,08:23:50,3
C1,2022-11-28,08:23:50,3
C1,2022-11-28,08:23:50,3
C1,2022-11-28,08:23:50,3
C1,2022-11-28,08:23:50,3
C1,2022-11-28,08:23:50,3
C1,2022-11-28,08:23:51,3
C1,2022-11-28,08:23:51,3
C1,2022-11-28,08:23:51,3
C1,2022-11-28,08:23:51,3
C1,2022-11-28,08:23:51,3
C1,2022-11-28,08:23:51,3
C1,2022-11-28,08:23:51,3
C1,2022-11-28,08:23:51,3
C1,2022-11-28,08:23:52,3
C1,2022-11-28,08:23:52,3
C1,2022-11-28,08:23:52,3
C1,2022-11-28,08:23:52,3
C1,2022-11-28,08:23:52,3
C1,2022-11-28,08:23:52,3
C1,2022-11-28,08:23:52,3
C1,2022-11-28,08:23:52,3
C1,2022-11-28,08:23:53,3
C1,2022-11-28,08:23:53,3
C1,2022-11-28,08:23:53,3
C1,2022-11-28,08:23:53,3
C1,2022-11-28,08:23:53,3
C1,2022-11-28,08:23:53,3
C1,2022-11-28,08:23:53,3
C1,2022-11-28,08:23:54,3
C1,2022-11-28,08:23:54,3
C1,2022-11-28,08:23:54,3
C1,2022-11-28,08:23:54,3
C1,2022-11-28,08:23:54,3
C1,2022-11-28,08:23:54,3
C1,2022-11-28,08:23:54,3
C1,2022-11-28,08:23:55,3
C1,2022-11-28,08:23:55,3
C1,2022-11-28,08:23:55,3
C1,2022-11-28,08:23:55,3
C1,2022-11-28,08:23:55,3
C1,2022-11-28,08:43:21,1
C1,2022-11-28,08:43:21,2
C1,2022-11-28,08:43:21,2
C1,2022-11-28,08:43:21,2
C1,2022-11-28,08:43:21,2
C1,2022-11-28,08:43:22,2
C1,2022-11-28,08:43:22,2
C1,2022-11-28,08:43:22,2
C1,2022-11-28,08:43:22,2
C1,2022-11-28,08:43:22,2
C1,2022-11-28,08:43:22,1
C1,2022-11-28,08:43:23,1
C1,2022-11-28,08:43:23,2
C1,2022-11-28,08:43:23,2
C1,2022-11-28,08:43:23,2
C1,2022-11-28,08:43:23,1
C1,2022-11-28,08:43:23,1
C1,2022-11-28,08:43:23,1
C1,2022-11-28,08:43:24,1
C1,2022-11-28,08:43:24,1
C1,2022-11-28,08:43:24,1
C1,2022-11-28,08:43:24,1
C1,2022-11-28,08:43:24,1
C1,2022-11-28,08:43:24,2
C1,2022-11-28,08:43:24,2
C1,2022-11-28,08:43:25,2
C1,2022-11-28,08:43:25,2
C1,2022-11-28,08:43:25,2
C1,2022-11-28,08:43:25,2
C1,2022-11-28,08:43:25,2
C1,2022-11-28,08:43:25,2
C1,2022-11-28,08:43:25,2
C1,2022-11-28,08:43:26,2
C1,2022-11-28,08:43:26,2
C1,2022-11-28,08:43:26,2
C1,2022-11-28,08:43:26,2
C1,2022-11-28,08:43:26,2
C1,2022-11-28,08:43:27,2
C1,2022-11-28,08:43:27,2
C1,2022-11-28,08:43:27,2
C1,2022-11-28,08:43:27,2
C1,2022-11-28,08:43:27,2
C1,2022-11-28,08:47:50,2
C1,2022-11-28,08:47:50,2
C1,2022-11-28,08:47:50,2
C1,2022-11-28,08:47:50,1
C1,2022-11-28,08:47:50,2
C1,2022-11-28,08:47:51,2
C1,2022-11-28,08:47:51,2
C1,2022-11-28,08:47:51,2
C1,2022-11-28,08:47:51,2
C1,2022-11-28,08:47:51,2
C1,2022-11-28,08:47:51,2
C1,2022-11-28,08:47:52,2
C1,2022-11-28,08:47:52,2
C1,2022-11-28,08:47:52,2
C1,2022-11-28,08:47:52,2
C1,2022-11-28,08:47:53,2
C1,2022-11-28,08:47:53,2
C1,2022-11-28,08:47:53,2
C1,2022-11-28,08:47:54,2
C1,2022-11-28,08:47:54,2
C1,2022-11-28,08:47:54,2
C1,2022-11-28,08:47:55,2
C1,2022-11-28,08:47:55,2
C1,2022-11-28,08:52:45,2
C1,2022-11-28,08:52:46,2
C1,2022-11-28,08:52:46,2
C1,2022-11-28,08:52:46,2
C1,2022-11-28,08:52:46,2
C1,2022-11-28,08:52:46,2
C1,2022-11-28,08:52:47,2
C1,2022-11-28,08:52:47,2
C1,2022-11-28,08:52:47,2
C1,2022-11-28,08:52:47,2
C1,2022-11-28,08:52:47,2
C1,2022-11-28,08:52:47,2
C1,2022-11-28,08:52:48,2
C1,2022-11-28,08:52:48,2
C1,2022-11-28,08:52:48,2
C1,2022-11-28,08:52:48,2
C1,2022-11-28,08:52:48,2
C1,2022-11-28,08:52:48,2
C1,2022-11-28,08:52:48,2
C1,2022-11-28,08:52:48,3
C1,2022-11-28,08:52:49,3
C1,2022-11-28,08:52:49,3
C1,2022-11-28,08:52:49,3
C1,2022-11-28,08:52:49,3
C1,2022-11-28,08:52:49,3
C1,2022-11-28,08:52:49,3
C1,2022-11-28,08:52:49,3
C1,2022-11-28,08:52:50,3
C1,2022-11-28,08:52:50,3
C1,2022-11-28,08:52:50,3
C1,2022-11-28,08:52:50,3
C1,2022-11-28,08:52:50,3
C1,2022-11-28,08:52:50,3
C1,2022-11-28,08:52:50,3
C1,2022-11-28,08:52:51,1
C1,2022-11-28,08:52:51,2
C1,2022-11-28,08:52:51,2
C1,2022-11-28,08:52:51,2
C1,2022-11-28,08:52:51,2
C1,2022-11-28,08:52:51,2
C1,2022-11-28,08:52:51,1
C1,2022-11-28,08:52:51,2
C1,2022-11-28,08:52:52,2
C1,2022-11-28,08:52:52,2
C1,2022-11-28,08:52:52,2
C1,2022-11-28,08:52:52,2
C1,2022-11-28,08:52:52,2
C1,2022-11-28,08:52:52,2
C1,2022-11-28,08:52:52,2
C1,2022-11-28,08:52:53,2
C1,2022-11-28,08:52:53,2
C1,2022-11-28,08:52:53,2
C1,2022-11-28,08:52:53,2
C1,2022-11-28,08:52:53,1
C1,2022-11-28,08:52:53,2
C1,2022-11-28,08:52:53,2
C1,2022-11-28,08:52:54,1
C1,2022-11-28,08:52:54,2
C1,2022-11-28,08:52:54,1
C1,2022-11-28,08:52:54,2
C1,2022-11-28,08:52:54,2
C1,2022-11-28,08:52:54,2
C1,2022-11-28,08:52:54,2
C1,2022-11-28,08:52:54,2
C1,2022-11-28,08:52:55,2
C1,2022-11-28,08:52:55,2
C1,2022-11-28,08:52:55,2
C1,2022-11-28,08:52:55,2
C1,2022-11-28,08:52:55,2
C1,2022-11-28,08:52:55,2
C1,2022-11-28,08:52:55,2
C1,2022-11-28,08:52:55,2
C1,2022-11-28,08:52:56,2
C1,2022-11-28,08:52:56,2
C1,2022-11-28,08:52:56,2
C1,2022-11-28,08:52:56,2
C1,2022-11-28,08:52:56,2
C1,2022-11-28,08:52:56,2
C1,2022-11-28,08:52:56,3
C1,2022-11-28,08:52:57,1
C1,2022-11-28,08:52:57,2
C1,2022-11-28,08:52:57,2
C1,2022-11-28,08:52:57,2
C1,2022-11-28,08:52:57,1
C1,2022-11-28,08:52:57,2
C1,2022-11-28,08:52:57,2
C1,2022-11-28,08:52:58,2
C1,2022-11-28,08:52:58,2
C1,2022-11-28,08:52:58,2
C1,2022-11-28,08:52:58,2
C1,2022-11-28,08:52:58,2
C1,2022-11-28,08:52:58,2
C1,2022-11-28,08:52:58,2
C1,2022-11-28,08:52:58,2
C1,2022-11-28,08:52:59,2
C1,2022-11-28,08:52:59,2
C1,2022-11-28,08:52:59,2
C1,2022-11-28,08:52:59,2
C1,2022-11-28,08:52:59,2
C1,2022-11-28,08:52:59,2
C1,2022-11-28,08:53:00,1
C1,2022-11-28,08:53:00,2
C1,2022-11-28,08:53:00,2
C1,2022-11-28,08:53:00,2
C1,2022-11-28,08:53:00,2
C1,2022-11-28,08:53:00,2
C1,2022-11-28,08:53:00,2
C1,2022-11-28,08:53:00,2
C1,2022-11-28,08:53:01,2
C1,2022-11-28,08:53:01,2
C1,2022-11-28,08:53:01,2
C1,2022-11-28,08:53:01,2
C1,2022-11-28,08:53:01,2
C1,2022-11-28,08:53:01,2
C1,2022-11-28,08:53:01,2
C1,2022-11-28,08:53:01,2
C1,2022-11-28,08:53:02,2
C1,2022-11-28,08:53:02,2
C1,2022-11-28,08:53:02,2
C1,2022-11-28,08:53:02,2
C1,2022-11-28,08:53:02,3
C1,2022-11-28,08:53:02,3
C1,2022-11-28,08:53:03,3
C1,2022-11-28,08:53:03,3
C1,2022-11-28,08:53:03,3
C1,2022-11-28,08:53:03,3
C1,2022-11-28,08:53:03,3
C1,2022-11-28,08:53:03,3
C1,2022-11-28,08:53:03,3
C1,2022-11-28,08:53:03,3
C1,2022-11-28,08:53:04,3
C1,2022-11-28,08:53:04,3
C1,2022-11-28,08:53:04,3
C1,2022-11-28,08:53:04,3
C1,2022-11-28,08:53:04,3
C1,2022-11-28,08:53:04,3
C1,2022-11-28,08:53:04,3
C1,2022-11-28,08:53:04,1
C1,2022-11-28,08:53:05,1
C1,2022-11-28,08:53:05,1
C1,2022-11-28,08:53:05,1
C1,2022-11-28,08:53:05,1
C1,2022-11-28,08:53:05,1
C1,2022-11-28,08:53:05,1
C1,2022-11-28,08:53:06,1
C1,2022-11-28,08:53:06,1
C1,2022-11-28,08:53:06,2
C1,2022-11-28,08:53:06,1
C1,2022-11-28,08:53:06,2
C1,2022-11-28,08:53:06,1
C1,2022-11-28,08:53:06,1
C1,2022-11-28,08:53:06,2
C1,2022-11-28,08:53:07,1
C1,2022-11-28,08:53:07,2
C1,2022-11-28,08:53:07,2
C1,2022-11-28,08:53:07,2
C1,2022-11-28,08:53:07,2
C1,2022-11-28,08:53:07,2
C1,2022-11-28,08:53:07,2
C1,2022-11-28,08:53:07,2
C1,2022-11-28,08:53:08,2
C1,2022-11-28,08:53:08,2
C1,2022-11-28,08:53:08,2
C1,2022-11-28,08:53:08,2
C1,2022-11-28,08:53:08,2
C1,2022-11-28,08:53:08,2
C1,2022-11-28,08:53:08,2
C1,2022-11-28,08:53:09,2
C1,2022-11-28,08:53:09,2
C1,2022-11-28,08:53:09,2
C1,2022-11-28,08:53:10,2
C1,2022-11-28,08:53:10,2
C1,2022-11-28,08:53:10,3
C1,2022-11-28,08:53:10,3
C1,2022-11-28,08:53:10,3
C1,2022-11-28,08:53:10,3
C1,2022-11-28,08:53:10,3
C1,2022-11-28,08:53:10,3
C1,2022-11-28,08:53:11,3
C1,2022-11-28,08:53:11,3
C1,2022-11-28,08:53:11,3
C1,2022-11-28,08:53:11,3
C1,2022-11-28,08:53:11,3
C1,2022-11-28,08:53:11,3
C1,2022-11-28,08:53:12,3
C1,2022-11-28,08:53:12,3
C1,2022-11-28,08:53:12,3
C1,2022-11-28,08:53:12,3
C1,2022-11-28,08:53:12,3
C1,2022-11-28,08:53:12,3
C1,2022-11-28,08:53:12,3
C1,2022-11-28,08:53:12,1
C1,2022-11-28,08:53:13,2
C1,2022-11-28,08:53:13,1
C1,2022-11-28,08:53:13,2
C1,2022-11-28,08:53:13,1
C1,2022-11-28,08:53:13,2
C1,2022-11-28,08:53:13,1
C1,2022-11-28,08:53:13,2
C1,2022-11-28,08:53:14,2
C1,2022-11-28,08:53:14,2
C1,2022-11-28,08:53:14,2
C1,2022-11-28,08:53:14,2
C1,2022-11-28,08:53:14,2
